Steps,Policy/Entropy,Policy/Learning Rate,Policy/Extrinsic Value Estimate,Policy/Extrinsic Reward,Environment/Cumulative Reward,Environment/Episode Length
1000,1.4189383,0.00029985016,-0.05131133,-68.03730207932556,-68.03730264628786,658.0
2000,1.4192834,0.00029955019,-0.16178054,-46.311862257559675,-46.31186280491386,771.6666666666666
3000,1.4202118,0.00029925015,-0.20645498,None,None,None
4000,1.4201084,0.00029895015,-0.27494824,-97.14338106361714,-97.14338093051163,2318.0
5000,1.4200218,0.00029865015,0.051121827,9.85226071017928,9.852258854128856,2607.5
6000,1.4209781,0.00029835015,0.024944631,-5.360719394197986,-5.3607206180100135,608.0
7000,1.4213904,0.00029805017,0.2733864,54.288359955243834,54.28836133219112,2453.25
8000,1.4230772,0.00029775017,0.42310527,23.696706542328855,23.696707671937304,2560.75
9000,1.422971,0.0002974502,0.3449581,22.068592340180356,22.068592343048206,843.6666666666666
10000,1.4228097,0.00029715017,0.16519666,22.793493002653122,22.793494588568308,459.0
11000,1.4231386,0.00029685016,0.61919695,20.701364004316645,20.701365205952097,2173.25
12000,1.4232825,0.00029655016,0.71458864,36.25812317485588,36.25812241434281,1197.5
13000,1.423408,0.00029625016,0.49905226,41.89764689012676,41.897646877237996,880.3333333333334
14000,1.4234849,0.0002959502,1.0543638,60.630616516290765,60.63061460821277,2910.0
15000,1.4237007,0.00029565016,0.47936615,50.6447285147176,50.64472949630127,1056.75
16000,1.4239302,0.00029535018,1.2298812,-11.331385004253471,-11.33138517832314,5439.333333333333
17000,1.4241179,0.00029505018,0.4676808,58.14629426015472,58.146294528879416,2527.6666666666665
18000,1.4245119,0.00029475015,0.7282194,23.10392597192697,23.10392734376082,3793.6666666666665
19000,1.4246782,0.00029445018,1.5782496,37.80069721747259,37.800697894327925,1212.5
20000,1.425258,0.00029415017,1.7217191,34.60674231721803,34.606742018436215,1888.8
21000,1.4250681,0.00029385017,1.4697508,63.20528526359673,63.20528394053405,2134.0
22000,1.4248003,0.00029355017,2.7768712,-4.199374080487966,-4.199373673290187,832.3333333333334
23000,1.4241745,0.00029325014,1.1388785,120.48051021255341,120.48051111854934,1535.4
24000,1.4239,0.00029295016,2.1579514,11.41979182454179,11.419792253283589,1384.0
25000,1.4233466,0.00029265016,2.09761,54.11207038404427,54.11206932368579,1625.4
26000,1.4234761,0.00029235013,2.7531826,40.78795269059647,40.78795339723967,1039.2
27000,1.4238249,0.00029205016,4.2494426,106.35652466281901,106.35652443485014,1679.4285714285713
28000,1.4234929,0.00029175016,3.6566944,11.424854585946637,11.42485486162943,499.57142857142856
29000,1.4232363,0.00029145018,3.0092647,56.29379248571104,56.293791990899635,1098.25
30000,1.4228376,0.00029115018,3.3234193,57.51532847177123,57.515330262382456,1141.857142857143
31000,1.4227847,0.00029085015,3.6762707,65.16546844608092,65.16546965882144,912.8333333333334
32000,1.4228985,0.00029055018,4.0462465,46.561902521144866,46.561902044024954,850.7142857142857
33000,1.4230255,0.00029025017,2.8467577,19.08610159224736,19.08610138376753,711.25
34000,1.423191,0.00028995017,4.8196545,81.19261154890111,81.19261249531462,1030.7142857142858
35000,1.422993,0.00028965017,3.2764244,55.13159309406874,55.13159250751538,799.2
36000,1.4229163,0.00028935017,5.3014154,55.49928345047829,55.499283689952065,984.375
37000,1.4236584,0.00028905016,5.648112,77.9048203444441,77.90482060900347,634.7142857142857
38000,1.42357,0.00028875016,5.8325887,42.09201443600169,42.092013983578234,637.4444444444445
39000,1.42332,0.0002884502,4.4198513,42.07152836032453,42.07152822092822,596.0
40000,1.4231963,0.00028815016,5.1642747,14.910320152671865,14.910319824541148,418.53846153846155
41000,1.4231036,0.00028785018,6.4352217,45.60265586028496,45.60265615299962,571.0
42000,1.42373,0.00028755015,4.9197235,58.318730534296684,58.318730333096376,659.8461538461538
43000,1.423903,0.00028725015,5.847825,44.69401081214892,44.694011819703775,586.9090909090909
44000,1.4243553,0.00028695018,4.957499,32.174542061351126,32.17454206261217,519.8888888888889
45000,1.4248164,0.00028665017,4.5112424,28.940125770071806,28.940126693842583,492.1818181818182
46000,1.4254609,0.00028635017,4.9060235,24.498163847252727,24.498162702614213,422.6666666666667
47000,1.4260868,0.00028605017,4.897298,26.076789523661137,26.076788886407996,425.4
48000,1.4263389,0.00028575014,4.6040306,26.063909685064573,26.063909756814592,442.5
49000,1.4256417,0.00028545017,5.102624,47.44414004328428,47.44414037141747,657.75
50000,1.4255852,0.00028515016,4.786655,29.01730246304942,29.01730219566157,508.5
51000,1.4254782,0.0002848502,5.3287573,70.16707312688231,70.16707379205042,740.0
52000,1.4248,0.00028455016,5.3519464,17.694116970776424,17.694117591566812,461.5
53000,1.4242586,0.00028425016,5.9422774,85.90911774896085,85.90911978899051,878.5
54000,1.4225804,0.00028395015,4.311413,59.71188624613569,59.71188688854209,761.8333333333334
55000,1.4223734,0.00028365015,3.2783546,21.052800717647187,21.052799929573386,500.25
56000,1.4230155,0.00028335018,4.0553355,18.03245888213184,18.032457943537832,919.0
57000,1.4235115,0.00028305018,4.6628594,75.41509330123662,75.41509338176675,798.0
58000,1.4242281,0.0002827502,3.665848,25.720286119608648,25.720286590107833,1916.6363636363637
59000,1.4245232,0.00028245017,3.477076,6.577339094433607,6.577339373579662,512.9166666666666
60000,1.4246438,0.00028215017,5.4876714,19.376625156506964,19.376625046231116,499.54545454545456
61000,1.4242027,0.00028185017,6.2017603,21.59653428490632,21.596534799183853,451.46153846153845
62000,1.424482,0.00028155016,4.637795,28.789277745907505,28.78927737079298,450.4
63000,1.4252799,0.0002812502,6.5792027,15.57941478656398,15.579414117691663,435.55555555555554
64000,1.4256455,0.0002809502,5.5992517,27.85639318302274,27.856393893395087,469.53333333333336
65000,1.4259472,0.0002806502,6.3485956,13.634294275803349,13.634294295192891,387.2307692307692
66000,1.4254897,0.00028035018,5.195676,53.18699026515242,53.18699037337327,638.6
67000,1.4253824,0.00028005015,5.0332103,15.083132395178277,15.083132740895369,437.61538461538464
68000,1.4252833,0.00027975018,7.6673226,35.4462648219429,35.446265185620675,508.8
69000,1.4250544,0.00027945018,7.7365866,56.015146290534176,56.01514674187255,548.0
70000,1.4247278,0.00027915018,7.9921355,90.95914304378883,90.95914333623662,822.7142857142857
71000,1.4242139,0.00027885017,7.1139717,70.01107378507203,70.01107324598892,648.5454545454545
72000,1.4239904,0.00027855014,6.3445325,51.750837253199684,51.750837808855266,644.1111111111111
73000,1.4252688,0.00027825017,6.9061813,30.797867856977973,30.797867683747242,539.25
74000,1.4254091,0.00027795017,5.864376,35.078973467461765,35.07897273562236,494.125
75000,1.4257119,0.00027765016,7.0263658,43.50390553813089,43.50390537677621,621.9090909090909
76000,1.4263849,0.0002773502,6.257514,25.14135662019432,25.141355650851043,470.84615384615387
77000,1.4270012,0.00027705016,7.2890463,27.326470860237762,27.32647146036933,467.3636363636364
78000,1.4280365,0.0002767502,6.0627275,106.71930586843519,106.71930581764059,887.7142857142857
79000,1.4283125,0.00027645016,6.1207047,51.509947030908535,51.50994774835211,532.0
80000,1.4286807,0.00027615015,7.5157986,61.87237939983606,61.872379729021816,525.8
81000,1.4285042,0.00027585018,5.405969,38.91776796235769,38.91776925168051,471.2857142857143
82000,1.4282285,0.00027555018,5.4927154,25.795035203918815,25.79503580908886,422.875
83000,1.4276404,0.00027525018,6.4457164,91.474722918123,91.47472302194679,688.5
84000,1.4273428,0.00027495014,4.862487,53.61113562621176,53.61113552572101,520.5
85000,1.426339,0.00027465017,4.2585506,41.12648293707106,41.12648319832442,476.8888888888889
86000,1.4261829,0.00027435017,5.404809,20.490278393193147,20.490278085831044,381.3
87000,1.4258796,0.00027405017,6.1710343,51.838054332468246,51.83805356363801,438.8888888888889
88000,1.4262143,0.0002737502,4.8049097,28.2739781498909,28.2739775369389,366.5
89000,1.4265233,0.00027345016,6.0735173,74.85511487230126,74.85511624572175,519.7142857142857
90000,1.4264756,0.0002731502,7.078758,157.844433093071,157.84443327997184,930.8
91000,1.4264873,0.00027285016,5.201822,84.13377809524536,84.13377835641482,544.2857142857143
92000,1.4267104,0.00027255015,4.818577,40.044128663225635,40.044127765536864,1919.1
93000,1.4269416,0.00027225018,6.939661,40.47666634619236,40.47666526492668,443.375
94000,1.4273193,0.00027195018,5.609836,71.52392787592751,71.52392753954778,543.0
95000,1.427316,0.00027165018,5.9832687,55.480514295748435,55.48051417948185,1663.25
96000,1.4273142,0.00027135017,7.6467667,17.834719264507292,17.83471998383675,335.8
97000,1.4268228,0.00027105017,6.6199064,68.31888573903304,68.31888650819778,472.6923076923077
98000,1.4270041,0.00027075017,8.255112,20.76463054526936,20.764629947104947,340.8181818181818
99000,1.4277147,0.00027045017,6.6936255,60.02459040262665,60.02459025663326,461.2307692307692
100000,1.4279604,0.0002701502,8.157492,113.2041087448597,113.20411032074071,701.4285714285714
101000,1.4281766,0.00026985016,5.214934,29.858874709549127,29.85887397118745,410.75
102000,1.4278072,0.00026955016,6.8769355,37.02939723730087,37.029397185317066,370.6
103000,1.4276617,0.00026925016,6.8746796,73.23173863689105,73.23173832443779,511.8333333333333
104000,1.4269866,0.00026895016,7.362121,45.01883322447539,45.01883376616013,438.7
105000,1.427059,0.00026865018,9.6881,80.83119277159373,80.8311915571111,594.0
106000,1.4271857,0.00026835018,6.64273,64.6395142779996,64.63951458375362,534.0
107000,1.4269726,0.0002680502,9.435725,109.014464950189,109.01446479074934,716.125
108000,1.4268614,0.00026775018,6.9122987,68.24332640732808,68.2433256038089,1895.7272727272727
109000,1.4269265,0.00026745017,7.117769,29.172356456518173,29.172356175436036,430.25
110000,1.4269074,0.00026715017,10.5711775,108.34210419642945,108.3421049984695,742.0
111000,1.4268259,0.00026685017,12.576257,130.8639427036047,130.86394109615048,728.6
112000,1.4273188,0.0002665502,12.3003845,166.69154106701413,166.69154016532323,918.0
113000,1.4278139,0.00026625016,10.685919,232.95962978509488,232.95963170423187,1074.25
114000,1.4276778,0.00026595016,10.770215,113.79398849979043,113.79398902046118,702.75
115000,1.4276109,0.0002656502,12.632795,168.61526782512664,168.6152695807985,842.2
116000,1.4272119,0.00026535016,10.181633,244.1237883351743,244.12378856022974,1128.2
117000,1.4271381,0.00026505018,8.417354,85.38970227458049,85.38970139009254,710.75
118000,1.4270083,0.00026475018,7.1656494,151.94293999671936,151.94294108994654,936.0
119000,1.4266105,0.00026445018,8.623436,106.42074723698897,106.42074617219896,870.0
120000,1.4263858,0.00026415018,8.272292,621.0891008973122,621.0890971631197,2477.5
121000,1.4256185,0.00026385015,8.11031,375.1940184831619,375.19402209777763,1530.5
122000,1.425628,0.00026355017,6.986195,118.36274502674739,118.36274513187315,794.3333333333334
123000,1.4258791,0.00026325017,8.428102,226.8815205525607,226.88151941266005,1099.5
124000,1.4259292,0.00026295014,6.994756,165.7046959400177,165.7046983349719,848.5
125000,1.425978,0.00026265017,8.19736,405.46725606778637,405.46726028551683,1810.0
126000,1.4257969,0.00026235016,7.480124,378.14075285196304,378.1407506164978,1694.5
127000,1.4257221,0.0002620502,9.685293,None,None,None
128000,1.4253274,0.00026175016,7.4255652,404.6699061426334,404.669905522998,1621.3333333333333
129000,1.4249505,0.00026145016,6.9318094,249.15905795863364,249.15905723568585,4103.25
130000,1.424247,0.00026115018,11.774671,171.92634031944908,171.92634329847323,14766.0
131000,1.4235436,0.00026085018,11.464147,665.9882226213813,665.9882252954835,2483.0
132000,1.4231548,0.00026055018,11.670915,895.993075966835,895.9930777796544,2885.0
133000,1.422457,0.00026025018,9.501999,416.5935851251097,416.59358534385865,1872.6666666666667
134000,1.4223609,0.00025995017,9.6493,184.9458324710528,184.94583325467102,1038.0
135000,1.422209,0.0002596502,8.880825,882.507263870365,882.5072581492072,3924.0
136000,1.4218429,0.00025935017,10.484961,431.09099102020264,431.09099165251655,1870.5
137000,1.4214783,0.0002590502,10.8971815,368.2589965082705,368.2589958485747,4093.8
138000,1.4212912,0.00025875017,12.974923,278.52586710453033,278.5258670245694,1373.0
139000,1.4212959,0.0002584502,14.352181,171.5625684261322,171.56256956009506,1017.3333333333334
140000,1.4219494,0.00025815016,15.805931,579.488397359848,579.4883920778252,2112.5
141000,1.4219466,0.00025785016,12.6385355,442.7654034757953,442.76540354589866,3352.4285714285716
142000,1.4219419,0.0002575502,20.3035,None,None,None
143000,1.4213744,0.00025725018,18.738451,572.4631983439127,572.4631961255218,1789.0
144000,1.4210397,0.00025695018,16.060343,888.9070498142391,888.9070523421558,2849.5
145000,1.4205918,0.00025665018,17.986507,144.24444031774692,144.24443803214058,969.0
146000,1.4204502,0.00025635015,17.825817,551.1474368572235,551.1474377037821,2019.5
147000,1.4200693,0.00025605017,18.153948,395.14257397254306,395.14257670986507,1443.0
148000,1.4197344,0.00025575017,17.746698,659.2766287986888,659.2766333286341,2531.6666666666665
149000,1.4194087,0.0002554502,19.502932,358.4706012705962,358.4706035078562,1485.6666666666667
150000,1.4188153,0.00025515017,15.399119,640.2774536702782,640.2774579043592,2226.25
151000,1.4186192,0.00025485017,19.875174,464.87405371665955,464.87404916633386,1357.0
152000,1.418318,0.00025455016,18.249352,408.4937632203102,408.49376167485104,1571.4
153000,1.4183494,0.00025425016,18.409594,652.0704759558042,652.0704773366451,2040.0
154000,1.4184023,0.0002539502,19.576225,524.7431493550539,524.7431499669233,1750.5
155000,1.4184221,0.00025365019,16.282572,369.0785662929217,369.0785683928643,1290.0
156000,1.4184324,0.0002533502,17.4683,514.0913087300723,514.0913108656056,1697.75
157000,1.4183669,0.00025305018,19.905996,328.37264281511307,328.3726455084194,1261.0
158000,1.4183059,0.00025275018,16.88503,349.3439145088196,349.343917389929,1183.0
159000,1.4181267,0.00025245018,17.697096,310.5556721687317,310.5556718616863,1204.0
160000,1.4177098,0.00025215017,15.521982,768.2666840950648,768.2666882743628,2149.3333333333335
161000,1.4173295,0.0002518502,17.840925,305.71174617495853,305.7117454236849,1990.5
162000,1.4165794,0.00025155017,17.396645,615.1053850352764,615.105388293839,1774.0
163000,1.4163709,0.00025125017,16.710047,487.71751393874484,487.7175124817825,1725.3333333333333
164000,1.4159629,0.00025095016,14.634858,273.4529134875629,273.4529149244906,1079.1666666666667
165000,1.4156182,0.00025065016,18.014425,535.5995826721191,535.5995806636056,1603.0
166000,1.415056,0.0002503502,17.96544,572.2515749335289,572.2515755582808,1641.5
167000,1.4150549,0.0002500502,16.590076,384.42005586996675,384.42005551885075,1094.5
168000,1.4150543,0.00024975018,17.052725,890.3124956488609,890.3125008307397,2032.0
169000,1.4145554,0.00024945018,13.29311,553.6163491278887,553.6163517117576,1546.2
170000,1.4144456,0.00024915018,14.375095,244.62731885910034,244.62732221890474,836.0
171000,1.4142042,0.00024885018,13.670197,526.2755954787135,526.2755943917794,1376.6666666666667
172000,1.4138154,0.00024855018,14.244402,300.34861692786217,300.34861698237364,1057.25
173000,1.4134775,0.00024825017,14.695183,508.0652652929227,508.06526688755235,1331.0
174000,1.412505,0.00024795017,14.778007,455.19107924898464,455.1910818834937,1262.6666666666667
175000,1.4122126,0.00024765017,14.94503,122.10488940775394,122.10489012784126,664.0
176000,1.4115511,0.0002473502,15.143471,565.7298988273833,565.7298984052102,5047.0
177000,1.4114625,0.0002470502,20.43951,681.6356444358826,681.6356516256346,1868.5
178000,1.411329,0.00024675016,16.748419,657.1407445073128,657.1407436392146,1807.75
179000,1.4106357,0.00024645016,20.02355,478.9624430835247,478.9624417743433,1394.5
180000,1.41032,0.0002461502,19.551336,887.9117150306702,887.9117148431978,2681.0
181000,1.4098599,0.00024585018,17.831268,660.683670626441,660.6836758434456,4521.2
182000,1.4097322,0.00024555018,24.268251,729.780161716044,729.7801628654258,2045.5
183000,1.4094026,0.00024525018,21.958456,433.91343344623846,433.91343501004235,1420.0
184000,1.4095896,0.00024495018,23.397047,448.64385187625885,448.64385314202764,1407.5
185000,1.4097501,0.00024465017,23.390291,414.31793705821036,414.3179347137442,1203.2
186000,1.4098746,0.0002443502,24.768541,883.9252493928652,883.9252493751719,2480.0
187000,1.4099478,0.00024405018,22.38064,577.44462854291,577.4446278930492,1423.0
188000,1.4103868,0.00024375018,21.61901,335.1803205957015,335.1803189428051,1212.8333333333333
189000,1.4104824,0.0002434502,23.744944,236.72428784767786,236.7242898481442,913.6666666666666
190000,1.4106375,0.00024315019,26.5006,567.9938907350103,567.9938925864249,1883.6666666666667
191000,1.4100083,0.0002428502,21.840714,694.8007440987442,694.8007427518226,1505.5714285714287
192000,1.4096984,0.00024255019,20.780666,299.9370543062687,299.9370491768409,959.5
193000,1.4085276,0.0002422502,21.740316,577.0445497433344,577.0445483395888,1493.3333333333333
194000,1.4085337,0.00024195018,18.468874,569.4858392570168,569.4858361336046,1415.0
195000,1.4086725,0.0002416502,17.626686,260.92085111141205,260.9208478741348,912.0
196000,1.4087751,0.0002413502,17.0965,532.2262829144796,532.2262814423302,1533.0
197000,1.4088587,0.00024105018,17.48203,478.32800717651844,478.32800675848193,1392.0
198000,1.4080397,0.00024075019,16.89352,599.5758916735649,599.5758947641261,1502.75
199000,1.4077042,0.00024045019,19.457336,891.1560114622116,891.1560064214282,2198.0
200000,1.4064105,0.00024015018,15.790733,890.6530331770579,890.6530352986828,2131.0
201000,1.4059435,0.0002398502,17.226221,275.23210372775793,275.23210315520186,810.25
202000,1.4052373,0.00023955021,15.670424,332.44572101533413,332.4457206644099,960.0
203000,1.4044487,0.00023925018,17.665792,295.882992764314,295.8829933323941,982.6666666666666
204000,1.4041157,0.00023895019,16.042223,413.40314693935215,413.40314622436233,1314.0
205000,1.4037277,0.0002386502,18.26587,None,None,None
206000,1.4035391,0.00023835021,18.738428,442.35231273924,442.3523116037014,3419.1428571428573
207000,1.4030321,0.0002380502,24.237194,165.80243587493896,165.80243609868376,605.0
208000,1.4026182,0.00023775021,23.18891,690.029089987278,690.0290904079593,1819.75
209000,1.4022698,0.0002374502,23.110327,297.08034023681347,297.08034081949415,3249.3333333333335
210000,1.4017973,0.00023715019,26.126432,353.34908214211464,353.3490838334619,1122.25
211000,1.4015205,0.00023685019,26.057882,391.63181479908525,391.63181902247743,1256.2
212000,1.4003313,0.0002365502,25.836233,537.3325473964214,537.332551786795,1301.4
213000,1.4004408,0.0002362502,25.942926,526.6072607464157,526.6072606422944,1405.6
214000,1.4005907,0.0002359502,27.161634,652.8586276099086,652.8586245410106,1369.25
215000,1.3999375,0.0002356502,28.024845,470.27484943469364,470.27485347761166,1307.3333333333333
216000,1.3996453,0.00023535019,26.91243,601.1380605890105,601.1380586351567,1550.6666666666667
217000,1.3979951,0.0002350502,26.867962,393.28992739021777,393.2899275951924,1016.8
218000,1.3975453,0.0002347502,26.487606,424.96569937467575,424.9656965192935,1110.6666666666667
219000,1.3963544,0.00023445018,29.164091,567.9410797655582,567.9410774202,1275.4
220000,1.3960079,0.0002341502,29.3363,381.22725993348286,381.2272519589811,1131.5
221000,1.3957198,0.0002338502,27.157028,568.0945845047632,568.0945873281826,1331.6666666666667
222000,1.3948762,0.00023355019,28.87222,411.48530942139524,411.4853097167488,1090.0
223000,1.3945596,0.0002332502,29.012228,344.27273949384687,344.27274205265564,847.8
224000,1.3934476,0.0002329502,27.83401,542.750357205669,542.7503594083511,1245.8333333333333
225000,1.3929493,0.00023265019,31.26858,497.50438690185547,497.5043901473473,1254.6666666666667
226000,1.3921893,0.0002323502,25.638573,414.4027643878427,414.40276539920563,971.3333333333334
227000,1.3919725,0.00023205021,25.986393,223.84064753850302,223.8406463979427,705.5555555555555
228000,1.3918723,0.0002317502,26.310232,211.59810857474804,211.5981086900565,721.875
229000,1.3913121,0.0002314502,27.013826,260.3206652424165,260.3206690305872,747.5714285714286
230000,1.3912024,0.00023115019,28.587616,338.3777235522866,338.3777226852253,905.625
231000,1.3909391,0.00023085019,30.300812,442.35332779788104,442.3533299443614,990.1666666666666
232000,1.3908668,0.0002305502,26.364704,247.85107459574937,247.85107399107673,745.4
233000,1.3908049,0.0002302502,29.832222,466.40970460302196,466.4097047643256,1100.3333333333333
234000,1.3898432,0.0002299502,28.493565,347.26826901095257,347.2682693821957,865.0
235000,1.3894229,0.0002296502,29.40259,383.70546320360154,383.7054637283269,951.7142857142857
236000,1.3876672,0.00022935019,30.874243,361.9738857448101,361.9738868557995,917.5
237000,1.3872617,0.00022905019,30.27543,511.0480547944705,511.0480542428654,1173.8333333333333
238000,1.3866355,0.0002287502,31.398148,376.7500481456518,376.75004390518956,935.6
239000,1.3862424,0.0002284502,27.851372,377.0318903337595,377.03188899859686,850.2222222222222
240000,1.3860633,0.0002281502,29.909403,323.21974279463757,323.21974269302876,847.125
241000,1.3856062,0.00022785019,29.622852,347.52011340111494,347.5201118375053,911.0
242000,1.3856758,0.0002275502,30.476099,384.55725331101564,384.557256896417,1019.6
243000,1.3859628,0.0002272502,30.16701,414.4636827024321,414.4636853448216,995.0
244000,1.3858039,0.0002269502,29.842108,360.1757320687175,360.1757311591575,903.375
245000,1.3856653,0.0002266502,28.859943,300.4694687128067,300.4694656035655,748.5714285714286
246000,1.3851889,0.00022635018,31.85386,300.71942629897967,300.71942839793905,781.5
247000,1.3850466,0.0002260502,29.371147,403.1766759554545,403.17667427796147,898.2222222222222
248000,1.3848532,0.00022575019,30.655054,209.51923293407475,209.519233584971,633.8571428571429
249000,1.384592,0.00022545019,29.550169,380.49035932385596,380.49035920555673,963.125
250000,1.3841816,0.0002251502,30.488007,277.1681597828865,277.1681591173207,735.3333333333334
251000,1.3846424,0.0002248502,32.349426,375.80951991081236,375.8095167201362,977.0
252000,1.3848809,0.0002245502,30.57982,300.8114019100155,300.8113999895112,867.0
253000,1.3848746,0.0002242502,32.02827,527.8551416493953,527.855144403693,1185.2
254000,1.3848155,0.0002239502,31.419235,446.00810001790524,446.00810007724795,1054.625
255000,1.3846327,0.0002236502,31.266703,243.03318709631762,243.03318498246594,744.1666666666666
256000,1.3843257,0.0002233502,32.773434,396.2792802467942,396.2792831647138,950.8
257000,1.3840388,0.00022305021,27.74065,420.4180241885285,420.4180244220351,926.5
258000,1.3837432,0.00022275018,29.546507,415.1063678934239,415.10636825137715,921.2
259000,1.3836553,0.0002224502,26.005482,232.3826514929533,232.38265113119633,673.125
260000,1.3834517,0.0002221502,26.713783,260.7927064127289,260.79270672952,780.2
261000,1.3835733,0.00022185019,28.9916,362.67898912131784,362.6789889886084,979.6
262000,1.3837641,0.0002215502,28.845232,535.2104058861732,535.2104043559114,1050.5
263000,1.3830837,0.0002212502,28.560423,445.9072847813368,445.9072831395125,952.7142857142857
264000,1.3827425,0.0002209502,29.085829,538.9112683534622,538.9112725168816,1014.5
265000,1.382131,0.0002206502,26.761946,301.4625650283124,301.462565150256,747.0
266000,1.3818235,0.0002203502,27.797976,457.2606060107549,457.26060877045774,862.8333333333334
267000,1.3809758,0.0002200502,27.92516,246.7478382885456,246.74783849723948,665.6666666666666
268000,1.381079,0.00021975019,29.652864,312.4877610703309,312.4877613447413,749.6666666666666
269000,1.3811709,0.0002194502,31.236732,468.5061626136303,468.50616363885456,1035.25
270000,1.3810307,0.0002191502,29.619595,459.0280965446894,459.0280978748156,962.2857142857143
271000,1.3809565,0.0002188502,31.997858,336.91805146308616,336.9180489538663,3075.3333333333335
272000,1.3806266,0.00021855021,33.681377,394.50154999026563,394.50154828316613,894.875
273000,1.3806722,0.0002182502,35.476307,454.6757708589236,454.67576952043845,939.1666666666666
274000,1.3807429,0.00021795019,33.45931,395.17592194250653,395.17592188484923,904.2857142857143
275000,1.3806965,0.00021765019,35.24279,432.83815948026523,432.8381595082682,896.2857142857143
276000,1.3806744,0.00021735019,36.266376,451.05462675094606,451.054628910264,926.0
277000,1.3804361,0.0002170502,36.137104,588.5803188246542,588.5803190417447,1166.0
278000,1.3802555,0.00021675021,33.45468,207.0079917125404,207.00799213461687,620.6666666666666
279000,1.3797265,0.0002164502,35.67372,388.5950565437476,388.59505519267015,875.8333333333334
280000,1.3793905,0.00021615019,34.948563,572.7440107654381,572.7440095957494,1130.5714285714287
281000,1.3790913,0.0002158502,35.61514,483.73100729783374,483.7310041418944,997.1666666666666
282000,1.3785602,0.0002155502,36.16081,458.6760710279147,458.6760717270554,910.0
283000,1.3783832,0.0002152502,38.510666,485.1711919784546,485.17119282821807,915.4
284000,1.3778858,0.00021495021,38.668728,720.3241388003031,720.3241363243045,1217.3333333333333
285000,1.3781977,0.0002146502,35.757343,672.0621972105333,672.0622033238669,1220.4285714285713
286000,1.378671,0.00021435019,35.521793,477.6728386481603,477.6728419130668,975.1666666666666
287000,1.3781193,0.0002140502,38.745625,593.2392270307988,593.2392295270109,1225.0
288000,1.377844,0.0002137502,35.33528,532.6503569573164,532.650358271983,959.6
289000,1.3775625,0.0002134502,38.70575,734.2850164096104,734.285015353665,1295.6
290000,1.377536,0.0002131502,39.615063,536.091041068236,536.0910414285026,995.6666666666666
291000,1.3774889,0.0002128502,38.591534,644.4551753997803,644.4551789005287,1076.8
292000,1.3770941,0.00021255019,37.40579,487.56532594561577,487.56532476719826,934.1666666666666
293000,1.3767427,0.0002122502,38.792637,683.5789576371511,683.5789585549695,1077.1666666666667
294000,1.3758905,0.0002119502,36.84042,607.7085992495219,607.7086032204292,1068.0
295000,1.3756639,0.00021165019,37.4599,645.2218635876974,645.2218608165082,1102.8333333333333
296000,1.3752618,0.0002113502,38.868343,528.6067732065916,528.6067745627884,1058.2
297000,1.3748999,0.0002110502,38.017147,613.5538030887643,613.5538015075539,1105.0
298000,1.3743384,0.0002107502,37.226208,490.46585444609326,490.46585808235494,967.6666666666666
299000,1.3739164,0.0002104502,37.03785,623.6691145698229,623.669116507362,1110.1666666666667
300000,1.3737066,0.0002101502,40.267174,420.4236344322562,420.4236372276778,926.0
301000,1.3732688,0.00020985019,37.72253,605.7785185064588,605.7785204602072,1074.2857142857142
302000,1.3730469,0.0002095502,37.376957,481.5481207327296,481.5481190933465,960.1666666666666
303000,1.3723907,0.0002092502,39.87259,631.7782046695772,631.7782069265477,1026.2857142857142
304000,1.3719804,0.0002089502,40.399418,553.1910836696625,553.1910886422947,981.6666666666666
305000,1.3716123,0.0002086502,39.704044,803.4388111715205,803.4388052422639,1184.2
306000,1.37151,0.00020835022,38.220566,539.1409590925489,539.14096166107,1026.2857142857142
307000,1.371437,0.00020805019,39.17411,547.0991051777798,547.0991026815312,888.5714285714286
308000,1.3709404,0.0002077502,36.703953,573.5949503580729,573.594947573884,897.5
309000,1.3705736,0.0002074502,39.992756,600.3018585069416,600.3018633370141,1054.1666666666667
310000,1.369995,0.0002071502,40.678207,755.28610526522,755.2861039849996,1145.1666666666667
311000,1.3696842,0.0002068502,40.324646,544.7469888687134,544.7469841220416,908.0
312000,1.3695413,0.00020655019,36.861893,518.536400944693,518.5364002632248,926.875
313000,1.3691185,0.0002062502,40.144367,355.20245814323425,355.2024584867992,828.2
314000,1.3687571,0.0002059502,39.219814,657.305452135081,657.3054572572377,1068.6666666666667
315000,1.3677295,0.00020565021,40.163956,399.1992943286896,399.1992920996466,843.1666666666666
316000,1.3675889,0.00020535021,42.922775,889.0108109712601,889.0108120210934,1354.25
317000,1.3674654,0.0002050502,39.029648,549.8842982820103,549.8842938936856,1041.857142857143
318000,1.3669211,0.0002047502,39.105133,456.0791043350473,456.07910438967247,932.8333333333334
319000,1.3666564,0.0002044502,41.514896,326.0873109102249,326.08730692093195,737.3333333333334
320000,1.3652813,0.0002041502,41.11962,597.7782767812411,597.778275166677,955.0
321000,1.3646744,0.00020385021,39.011097,579.4427654061999,579.4427661104419,1070.2857142857142
322000,1.3637409,0.00020355021,39.031815,501.58065118392307,501.58065283523564,996.0
323000,1.3643501,0.0002032502,41.460194,714.460245569547,714.4602480889686,1169.0
324000,1.3646277,0.00020295019,39.117428,353.31079268455505,353.3107930211816,800.0
325000,1.3650652,0.0002026502,38.772636,390.3819276869297,390.3819273631558,818.0
326000,1.3650976,0.0002023502,40.276028,466.164116710502,466.16411831627767,859.6666666666666
327000,1.3651619,0.00020205021,37.666126,381.36200431064105,381.36200398869124,851.4285714285714
328000,1.364617,0.0002017502,41.264736,371.4330914500635,371.43308993170893,887.8
329000,1.3641471,0.0002014502,41.873814,694.2130651473999,694.2130621578486,1204.0
330000,1.3639251,0.0002011502,40.868458,523.859528875351,523.8595308831427,1060.0
331000,1.3639516,0.0002008502,42.0373,740.6585685491561,740.6585631977999,1309.8
332000,1.3645456,0.0002005502,42.098415,599.5272703394294,599.5272669701726,1100.0
333000,1.3643653,0.00020025022,41.164993,503.4572328414236,503.45722960487626,1039.857142857143
334000,1.3640883,0.0001999502,42.770046,705.3540700276693,705.3540706233276,1167.0
335000,1.3635918,0.0001996502,42.478317,776.5430339097977,776.5430357692763,1279.2
336000,1.3633462,0.00019935021,39.608772,546.605327217241,546.6053277615166,1026.142857142857
337000,1.362548,0.0001990502,42.15128,497.89461285727367,497.89461148929774,983.8571428571429
338000,1.3626448,0.0001987502,44.465595,479.5281162559986,479.52811438200297,877.5
339000,1.3630034,0.0001984502,41.088013,612.5372797080448,612.5372781275572,1084.142857142857
340000,1.3633028,0.00019815018,44.329056,791.287612721324,791.287610970523,1273.75
341000,1.3635517,0.0001978502,42.642292,654.9006255524499,654.9006310283925,1053.7142857142858
342000,1.3635596,0.00019755021,47.19932,546.6051701307297,546.6051711109467,955.0
343000,1.363525,0.0001972502,39.167824,595.7099278105629,595.7099266927705,1054.2222222222222
344000,1.3632088,0.00019695019,43.196655,649.693583406508,649.693581646028,1097.8
345000,1.3629967,0.0001966502,38.91136,399.80846323285783,399.80846555695047,884.7142857142857
346000,1.3626662,0.00019635021,44.000916,682.2812291622162,682.2812254686608,1062.8
347000,1.3625405,0.0001960502,44.11766,685.6088953713576,685.6088907972713,1117.8333333333333
348000,1.3624822,0.00019575021,41.635006,564.2319929599762,564.2319925959843,1021.6666666666666
349000,1.3616532,0.00019545021,46.148945,670.4703538112342,670.4703539967779,1058.6
350000,1.3616161,0.00019515019,42.782726,586.796746234099,586.7967464947578,992.8333333333334
351000,1.3616022,0.0001948502,43.162025,583.3371221338,583.337121567772,975.0
352000,1.3611465,0.00019455022,45.647278,694.1980500817299,694.1980560592201,1016.0
353000,1.3607522,0.0001942502,43.459854,666.6917650869915,666.6917672961883,1026.857142857143
354000,1.3602223,0.00019395021,46.742443,634.2470190525055,634.2470218780605,978.1666666666666
355000,1.360092,0.00019365022,47.328518,558.2405874331793,558.240586647531,925.3333333333334
356000,1.3600045,0.0001933502,48.151367,719.0630954504013,719.0630907922168,1071.75
357000,1.3599299,0.0001930502,45.625137,557.9452251940966,557.9452291204652,872.375
358000,1.3598158,0.0001927502,42.588154,495.5885709822178,495.5885737950448,847.375
359000,1.3597255,0.0001924502,45.629658,530.4348920981089,530.4348909164934,873.8333333333334
360000,1.3596834,0.00019215021,45.198006,526.7866897583008,526.7866894156614,919.25
361000,1.3587333,0.00019185021,45.57136,485.63136125653983,485.631364153108,818.8
362000,1.3584651,0.00019155019,47.647778,585.9671689069697,585.967171234511,929.1428571428571
363000,1.3577939,0.0001912502,48.8033,737.9777815540632,737.9777774092508,1059.5
364000,1.357864,0.0001909502,45.756012,377.84663377489363,377.8466378411114,722.5714285714286
365000,1.3579242,0.0001906502,46.214783,529.4821302890778,529.4821327750105,854.25
366000,1.3581668,0.0001903502,48.612797,712.7490852900913,712.7490847242132,1009.1428571428571
367000,1.3581372,0.00019005021,46.032635,390.74173897504807,390.74174321375386,744.8571428571429
368000,1.3575764,0.00018975021,46.082077,588.5148480108807,588.5148467666711,913.0
369000,1.357269,0.0001894502,44.401764,405.7913640396936,405.7913625520055,771.8571428571429
370000,1.3568232,0.00018915022,46.353283,418.2544391836439,418.2544334797255,809.1428571428571
371000,1.3566306,0.00018885022,47.730457,590.7718163869189,590.7718128487965,890.1666666666666
372000,1.3565422,0.0001885502,47.77032,588.8276818990707,588.8276863177944,912.25
373000,1.3560796,0.0001882502,51.1851,631.734293270111,631.7342924281023,960.6
374000,1.3558738,0.0001879502,44.332832,392.93713324610144,392.93713207760663,724.0
375000,1.3553118,0.0001876502,48.29525,512.4595667918524,512.4595715560718,874.1666666666666
376000,1.3556318,0.00018735022,46.63222,608.0482746124268,608.0482745137066,967.2
377000,1.355919,0.0001870502,45.628487,570.376357793808,570.3763583667104,901.5
378000,1.3554841,0.0001867502,48.557293,616.0208628001623,616.0208621295649,889.6
379000,1.3553145,0.00018645021,47.51336,577.4303742051125,577.4303734177956,959.75
380000,1.3547242,0.00018615021,45.96803,512.0038521289825,512.0038546183301,869.5
381000,1.3545765,0.00018585021,49.49332,710.7901482979456,710.7901466793459,1034.5
382000,1.354365,0.00018555022,48.054337,577.3885511330196,577.3885491013061,882.8571428571429
383000,1.3539397,0.0001852502,49.669575,732.7237320592006,732.7237271166723,1033.6666666666667
384000,1.3537376,0.0001849502,50.5815,540.0024118423462,540.0024134444704,840.0
385000,1.3531536,0.00018465021,51.95628,786.6623829305172,786.6623883090797,1096.25
386000,1.3531065,0.00018435021,46.933228,596.8812842667103,596.8812814343255,965.375
387000,1.3530215,0.00018405021,51.203564,550.0005750656128,550.0005758226229,877.6666666666666
388000,1.353325,0.00018375019,49.19579,722.6829309804099,722.6829353216536,1043.142857142857
389000,1.3535856,0.0001834502,49.204082,549.2743483957214,549.274348663163,932.7777777777778
390000,1.3530811,0.0001831502,48.991474,505.13618886470795,505.1361893711922,844.6666666666666
391000,1.3529236,0.00018285021,49.834446,507.551518210343,507.55151850597656,876.7142857142857
392000,1.3524355,0.00018255021,48.404144,437.7241267306464,437.72412676590363,792.2857142857143
393000,1.3523247,0.0001822502,49.861145,658.5948719978333,658.594875509385,955.2857142857143
394000,1.352144,0.0001819502,48.78397,578.5127541422844,578.5127526236465,955.8333333333334
395000,1.3517362,0.0001816502,47.989277,518.3759265229372,518.3759285947361,864.0
396000,1.3515344,0.0001813502,47.006462,611.0460290908813,611.046029384442,874.1666666666666
397000,1.3512518,0.00018105021,52.608013,706.65656320254,706.656559603638,1020.6666666666666
398000,1.3510684,0.00018075023,53.660294,636.1632177148547,636.1632156599911,923.2857142857143
399000,1.3505719,0.0001804502,49.644653,416.8585515260696,416.8585509719327,708.6
400000,1.3503184,0.00018015021,48.138653,471.8388977050781,471.838895551087,812.8571428571429
401000,1.3500965,0.0001798502,48.0647,643.4214646713808,643.421467247246,934.0
402000,1.3500928,0.0001795502,52.10112,649.7725644452231,649.7725667625865,978.5714285714286
403000,1.3501335,0.00017925022,52.00441,338.1818872690201,338.1818859109965,758.6666666666666
404000,1.350451,0.00017895023,49.587357,672.4777314322336,672.4777277136454,1000.5714285714286
405000,1.3501629,0.00017865021,49.45407,576.7161100166185,576.7161066439668,904.2857142857143
406000,1.3497448,0.00017835021,51.164196,666.365037292242,666.3650391879637,945.125
407000,1.3486253,0.0001780502,51.392124,642.8933230400086,642.8933194343001,983.8
408000,1.3481224,0.0001777502,50.519474,585.0040675799052,585.0040662212996,940.3333333333334
409000,1.3480583,0.0001774502,53.052402,739.3793015281359,739.3792898396063,1050.8333333333333
410000,1.3480518,0.00017715021,50.754745,573.1678901740482,573.1678880092555,869.4285714285714
411000,1.348037,0.00017685021,51.06029,552.648394720895,552.6483953252235,890.4285714285714
412000,1.34801,0.00017655021,49.9915,481.3356259614229,481.335623805091,807.5
413000,1.347988,0.0001762502,53.18476,797.788486289978,797.7884855342563,988.0
414000,1.3474828,0.0001759502,54.276264,763.9663027226925,763.9663035812555,1041.8333333333333
415000,1.347356,0.0001756502,51.669823,543.250373840332,543.2503725530987,862.25
416000,1.3471053,0.00017535021,48.210987,414.81666014591855,414.81666188555147,743.5
417000,1.34699,0.00017505021,49.809315,574.8954202334086,574.8954179086917,916.8333333333334
418000,1.3468034,0.00017475021,49.212746,548.0160618722439,548.0160627433215,854.375
419000,1.3467306,0.00017445022,52.555817,650.6931251798358,650.6931288493132,937.1428571428571
420000,1.3466969,0.00017415022,52.48245,686.4740509748459,686.4740519993939,1027.0
421000,1.3464437,0.0001738502,51.193916,645.9939049822943,645.9939061207697,926.0
422000,1.3464383,0.0001735502,54.146183,692.775860607624,692.7758522673976,1003.25
423000,1.3464464,0.0001732502,50.286377,625.5342296510935,625.5342256195636,944.5
424000,1.3462623,0.00017295021,54.120922,742.9595202684402,742.959521823423,1068.6
425000,1.3461038,0.00017265022,52.314423,635.0057419368198,635.0057394911086,938.4285714285714
426000,1.3460842,0.0001723502,52.143482,534.4030363559723,534.4030425851892,873.0
427000,1.3460691,0.0001720502,49.724846,581.9800133306001,581.9800115506047,1016.7142857142857
428000,1.3459824,0.0001717502,53.432926,782.7081776857376,782.7081807073749,1104.8333333333333
429000,1.3459915,0.00017145021,52.71359,636.5222310622534,636.5222278905567,936.0
430000,1.3460046,0.00017115021,47.315205,470.72228252887726,470.72228704500594,823.625
431000,1.3459382,0.00017085022,51.248314,595.9804778290646,595.9804778768739,961.0
432000,1.3459111,0.0001705502,51.267204,532.0389438606799,532.0389438100752,893.875
433000,1.3457669,0.0001702502,54.81351,662.2071974277496,662.2071955039166,981.4
434000,1.345678,0.00016995022,52.47323,543.6614183425903,543.6614138125442,882.6
435000,1.3454511,0.00016965021,53.812824,635.5689475536346,635.5689474704365,920.0
436000,1.3453399,0.00016935021,51.813076,675.7947551906109,675.7947572317498,976.25
437000,1.3452568,0.00016905021,51.63923,674.8161793470383,674.8161826788913,999.8
438000,1.3453732,0.00016875022,55.14807,668.6738410790762,668.6738412400786,997.8333333333334
439000,1.345355,0.0001684502,51.293083,539.089946269989,539.0899412560328,889.5555555555555
440000,1.3450909,0.00016815022,57.81555,753.8823579788208,753.8823656575521,1039.0
441000,1.3448933,0.00016785022,53.74356,733.2869219183922,733.2869133779313,996.0
442000,1.3446082,0.0001675502,52.237667,584.323715130488,584.3237166758336,913.6666666666666
443000,1.3445344,0.00016725021,55.910168,736.3635447820028,736.3635450662114,1028.5
444000,1.3445016,0.00016695021,53.867855,720.2795782770429,720.2795719978666,1024.2857142857142
445000,1.3445107,0.0001666502,54.96567,601.3023624420166,601.3023609821685,876.25
446000,1.3444442,0.00016635022,53.372585,747.5568999648094,747.55690348257,1044.5
447000,1.3442782,0.00016605022,50.609573,598.947640568018,598.9476430842406,933.0
448000,1.3443387,0.0001657502,53.67693,749.4455561041832,749.445556966782,1114.8333333333333
449000,1.344385,0.00016545021,57.259525,794.5696191390356,794.5696197144243,1094.6666666666667
450000,1.3445752,0.00016515021,51.6562,391.51606332014006,391.5160603688173,795.1666666666666
451000,1.3445476,0.00016485022,52.802948,527.0807788024346,527.0807831674871,905.0
452000,1.3441409,0.00016455022,56.161274,819.2998836517334,819.2998836152954,1160.0
453000,1.3440311,0.00016425023,52.21501,737.8336343169212,737.8336368040182,1073.0
454000,1.343874,0.0001639502,54.029125,615.1558356523514,615.1558381156996,1012.8
455000,1.3432783,0.00016365021,54.89889,686.5365394711495,686.5365373372072,1015.2
456000,1.3430108,0.00016335021,51.156773,679.9426697889963,679.942670157218,1048.1666666666667
457000,1.3427898,0.00016305021,53.112354,727.3393174310526,727.3393178484403,1083.8333333333333
458000,1.3427057,0.0001627502,54.323143,805.0270328521729,805.0270295688728,1168.1666666666667
459000,1.3424925,0.00016245022,54.950455,595.7491589486599,595.7491629301803,1029.0
460000,1.3424529,0.00016215022,54.73224,728.2581203460693,728.25811837269,1045.8
461000,1.3424201,0.00016185021,49.671066,536.6537285248438,536.6537283978089,875.4444444444445
462000,1.3421345,0.00016155021,55.456783,719.2868620554606,719.2868613120323,1029.1666666666667
463000,1.3420856,0.00016125021,50.41272,502.4544166315657,502.45441682471983,820.1666666666666
464000,1.3421217,0.0001609502,52.417713,559.0729302515587,559.0729286792838,961.8333333333334
465000,1.3422799,0.00016065022,52.243668,595.0620002044099,595.0619934256298,1011.4285714285714
466000,1.3425274,0.00016035022,53.360577,454.3974756896496,454.39747998298844,809.25
467000,1.3427349,0.00016005021,52.05605,677.311992100307,677.3119917179657,977.7142857142857
468000,1.3428328,0.00015975023,55.793995,829.0140131125227,829.0140143394977,1181.1666666666667
469000,1.34261,0.00015945022,55.266716,637.5956857204437,637.5956856950652,943.5
470000,1.3425384,0.00015915021,51.73573,639.6139533775194,639.6139570363864,963.8571428571429
471000,1.3423418,0.0001588502,54.141182,635.0479888518652,635.0479879393824,1023.6666666666666
472000,1.3420888,0.0001585502,54.547028,636.237849911054,636.2378514723387,982.8333333333334
473000,1.341877,0.00015825022,57.10494,748.7982441186905,748.7982424597722,1000.4
474000,1.3418186,0.00015795023,52.81547,556.3442280689875,556.3442293170374,900.8333333333334
475000,1.3417193,0.00015765021,55.72099,695.3004061381022,695.3004013329628,960.8333333333334
476000,1.3410186,0.00015735021,55.119,831.6563791304827,831.6563783956797,1158.4
477000,1.340709,0.0001570502,55.35037,790.7786832332611,790.7786858385895,1147.2
478000,1.3402654,0.00015675022,52.314987,527.1574208537737,527.1574202910997,906.0
479000,1.3399817,0.00015645022,54.84232,653.5231789300839,653.523180221515,1032.8333333333333
480000,1.339855,0.00015615023,55.502724,889.1869472503662,889.1869448792189,1179.0
481000,1.3395854,0.0001558502,54.73776,593.638097524643,593.638095293061,936.2857142857143
482000,1.3393997,0.00015555021,56.515408,799.4344655990601,799.4344666704535,1054.8
483000,1.3389168,0.00015525022,53.873363,652.3172339200974,652.3172392826527,1065.8333333333333
484000,1.3388621,0.00015495022,54.71288,569.79563331604,569.7956312101645,936.1666666666666
485000,1.3388195,0.00015465022,58.184708,809.7913233141104,809.7913220072709,1133.6666666666667
486000,1.3389498,0.0001543502,57.328583,805.4524123191834,805.4524058660493,1097.8
487000,1.3389233,0.00015405023,52.373497,535.6090030670166,535.6090010331827,807.75
488000,1.3386136,0.00015375021,51.01216,486.23361224184436,486.2336077246994,896.6666666666666
489000,1.3385189,0.00015345022,55.86024,693.5990660587946,693.5990660223179,1063.3333333333333
490000,1.3383883,0.00015315022,57.203083,679.2962776899337,679.296275343065,975.6
491000,1.3385073,0.0001528502,53.23271,563.6159306764603,563.6159290401265,924.375
492000,1.3385596,0.00015255022,54.863815,565.4602154493332,565.4602129192014,884.6666666666666
493000,1.3388628,0.00015225023,55.832626,594.853296804428,594.8532963157398,976.6
494000,1.33886,0.00015195021,53.62021,757.1166396617889,757.1166378800292,1086.6
495000,1.3388468,0.00015165022,47.8519,683.4554987947146,683.455503224337,1009.3333333333334
496000,1.338709,0.00015135022,43.64636,580.0769317348798,580.0769297297811,921.8333333333334
497000,1.3386059,0.0001510502,48.423283,480.1046807368596,480.10467776081833,895.6666666666666
498000,1.3380955,0.00015075022,46.495697,567.7550349746432,567.7550335438656,929.1428571428571
499000,1.3379322,0.00015045021,48.288494,712.9888036251068,712.9888035030453,1026.25
500000,1.3374673,0.00015015021,45.87962,601.5092784421785,601.5092793115348,957.2857142857143
501000,1.3374624,0.00014985022,48.008892,721.7001410722733,721.700139814292,1029.0
502000,1.3374555,0.00014955024,50.966335,834.9742715358734,834.9742772007206,1177.3333333333333
503000,1.3372732,0.00014925022,46.39696,763.7052240371704,763.7052194529097,1066.0
504000,1.3371924,0.00014895022,46.476875,665.3433722704649,665.3433710801531,1028.3333333333333
505000,1.3368078,0.00014865022,44.34027,543.7014772891998,543.7014756105297,943.8333333333334
506000,1.3366394,0.00014835021,46.73702,699.8926775932312,699.8926775989123,1051.2
507000,1.3362105,0.00014805023,45.853073,506.3926436007023,506.3926473642932,901.0
508000,1.335694,0.00014775021,44.63327,580.389372686545,580.3893677735663,938.5
509000,1.3352915,0.00014745022,54.933502,622.608903382284,622.6089030011586,3271.5
510000,1.3344876,0.00014715022,56.61194,630.2606250558581,630.2606266344654,962.5714285714286
511000,1.3342546,0.00014685022,53.525234,462.57732715209323,462.5773274597498,832.5
512000,1.3336697,0.00014655023,51.238148,401.7272057533264,401.72720572061826,745.875
513000,1.3333988,0.00014625021,53.91921,515.3117538690567,515.3117550824136,877.375
514000,1.3330308,0.00014595022,55.8256,663.4593990802765,663.4593969204464,972.2
515000,1.3330342,0.00014565022,56.522797,671.1849620739619,671.1849644995297,1047.6666666666667
516000,1.3330277,0.00014535022,58.23509,693.3483199278513,693.3483210577397,998.5
517000,1.3325384,0.00014505023,55.253788,610.1232734680176,610.1232749349904,962.2
518000,1.3324355,0.00014475023,56.119026,648.5453633921487,648.5453604048982,953.4285714285714
519000,1.3321885,0.00014445021,55.38353,545.2501913663,545.2501908366867,883.625
520000,1.3318952,0.00014415021,53.154327,494.3232343196869,494.3232358539743,810.2857142857143
521000,1.331682,0.00014385021,53.27745,458.7026423897062,458.7026405984902,784.0
522000,1.3314587,0.00014355022,58.08681,750.5614440917968,750.561442826502,1070.0
523000,1.3313864,0.00014325023,53.24708,465.3579272478819,465.35793155719875,826.375
524000,1.3311616,0.00014295022,54.282906,559.2212561368942,559.2212589814056,885.5
525000,1.331137,0.00014265021,54.771076,506.3092230409384,506.30922430264764,826.25
526000,1.3311064,0.00014235021,54.362957,463.06178800264996,463.06178707109456,820.0
527000,1.3311828,0.00014205022,51.526413,514.3379784992763,514.3379796763683,862.0
528000,1.3312063,0.00014175022,57.93617,693.8186099188669,693.8186108240791,1000.7142857142857
529000,1.3310088,0.00014145023,55.52984,585.1519222656885,585.1519250622174,919.1666666666666
530000,1.3309702,0.00014115022,57.655594,647.7592225074768,647.7592302960887,964.0
531000,1.330887,0.00014085021,51.566616,414.3158738538623,414.31587115331786,795.125
532000,1.3310615,0.00014055023,56.666325,597.4276605645815,597.4276592931323,954.0
533000,1.3311824,0.00014025022,54.91769,533.0376072029272,533.0376064295511,905.0
534000,1.330855,0.00013995022,53.813835,456.9171458817218,456.91714222430346,816.125
535000,1.3308017,0.0001396502,51.721283,447.066742675645,447.0667437799275,783.0
536000,1.3307568,0.0001393502,56.05521,625.7340293327967,625.7340307607179,967.8333333333334
537000,1.3306081,0.00013905021,54.98187,530.3189855303083,530.3189883440999,830.8571428571429
538000,1.3304322,0.00013875023,54.772648,505.05946857588634,505.05947366084104,841.2857142857143
539000,1.3303916,0.00013845022,53.220734,497.1675423213414,497.167541720472,841.4285714285714
540000,1.3303773,0.00013815021,56.918255,506.95235414505004,506.9523562886752,840.6
541000,1.3303955,0.00013785022,55.182087,656.8210821549097,656.8210807572663,970.1666666666666
542000,1.3306286,0.00013755022,57.33869,737.7572338382403,737.7572348693308,1108.5
543000,1.3311499,0.00013725022,56.60145,582.7569040230343,582.7569031056149,921.4285714285714
544000,1.3310027,0.00013695023,56.36258,572.5694467340197,572.5694428787434,864.4285714285714
545000,1.3308965,0.00013665023,52.847885,497.57327634096146,497.57327576942043,861.125
546000,1.3308762,0.00013635021,58.530914,731.2125536203384,731.2125518674729,1033.75
547000,1.3308932,0.00013605022,55.055523,547.171066313982,547.1710631705355,884.5
548000,1.3310153,0.00013575022,59.10477,670.3894495169321,670.3894519874206,1032.8333333333333
549000,1.3308835,0.00013545023,54.00452,493.897154211998,493.8971528731553,818.4285714285714
550000,1.3307151,0.00013515023,55.880016,559.8900448254177,559.8900418348743,874.5714285714286
551000,1.330736,0.00013485024,51.802227,412.1998345851898,412.1998361337173,747.25
552000,1.3307439,0.00013455021,58.387177,562.2374355395635,562.2374316388741,913.8333333333334
553000,1.3308591,0.00013425022,56.799538,530.0754877499172,530.0754883438848,839.2857142857143
554000,1.3307052,0.00013395022,57.49932,688.028261082513,688.0282626562819,977.5714285714286
555000,1.3303306,0.00013365022,55.983368,472.3449657917023,472.3449668927118,746.4
556000,1.3300285,0.00013335022,59.454056,736.4698796073595,736.4698845461631,981.5
557000,1.3298091,0.00013305021,55.98604,536.51209302081,536.51209156692,840.8888888888889
558000,1.329372,0.00013275021,57.626293,651.3276916344961,651.3276876608725,896.1666666666666
559000,1.3292583,0.00013245022,53.766415,506.9420637573515,506.9420624824665,883.4285714285714
560000,1.3289773,0.00013215022,55.343037,542.4657811721166,542.4657791572972,900.1666666666666
561000,1.3287544,0.00013185023,57.456356,511.8331245581309,511.8331230273834,885.1666666666666
562000,1.328474,0.00013155022,57.1518,601.9401906217847,601.9401877987465,892.2857142857143
563000,1.3284936,0.00013125023,54.841713,510.9753447515624,510.9753414474571,839.8571428571429
564000,1.3285015,0.00013095021,54.54422,551.6179355084896,551.6179341459356,913.5
565000,1.3282117,0.00013065022,56.45855,563.3560218413671,563.3560238706414,891.6666666666666
566000,1.3280351,0.00013035022,52.81182,372.79645335674286,372.79645328324114,670.625
567000,1.3275926,0.00013005022,56.63034,596.1215512411935,596.1215535084838,873.1428571428571
568000,1.3272216,0.00012975022,57.129364,610.7871480385462,610.7871483343964,910.8333333333334
569000,1.3269416,0.00012945021,57.547436,546.6635426757857,546.6635383127907,851.8571428571429
570000,1.3265353,0.00012915021,59.456055,702.2755392789841,702.2755403243646,961.5
571000,1.3264155,0.00012885022,51.757603,399.4086637099584,399.40866521769203,740.8333333333334
572000,1.3261071,0.00012855024,59.11823,631.004156579574,631.0041593746404,908.8333333333334
573000,1.3258147,0.00012825022,58.453697,615.1446138752831,615.1446169617379,893.8888888888889
574000,1.32543,0.00012795022,52.359875,396.9234135635197,396.92341306265524,777.5
575000,1.325417,0.00012765022,57.010838,526.5757183688028,526.5757174012916,834.4285714285714
576000,1.3254169,0.00012735021,56.160076,470.7239478627841,470.72395281516947,771.6666666666666
577000,1.3260194,0.00012705023,59.048798,605.1997817754745,605.1997803134673,898.25
578000,1.3261076,0.00012675024,57.08379,583.7711882591248,583.7711841692604,829.5
579000,1.3263358,0.00012645022,54.920345,507.59348984559375,507.59348915802707,821.4444444444445
580000,1.3261483,0.00012615022,55.80951,480.08418272435665,480.0841835387617,816.0
581000,1.3260086,0.00012585023,61.608006,714.6783204277357,714.6783213774519,995.5
582000,1.325744,0.00012555023,59.5589,735.1970079739889,735.1970080787627,976.8333333333334
583000,1.3256757,0.00012525023,56.253815,488.05593730343713,488.05593792502054,806.2222222222222
584000,1.3255217,0.00012495021,57.898155,674.9270623241152,674.9270644620659,951.1428571428571
585000,1.3253901,0.00012465022,55.901367,504.1289636135101,504.12896876214074,817.4
586000,1.3252226,0.00012435022,56.45162,550.6692694822947,550.6692674986552,862.5
587000,1.3248832,0.00012405022,58.8184,605.1502078601292,605.1502038122687,877.0
588000,1.3247542,0.00012375023,60.025574,536.7522859573364,536.7522850465417,860.0
589000,1.3247278,0.00012345021,55.054497,514.3136959969997,514.3136961268901,839.625
590000,1.324654,0.00012315022,56.24775,554.6985698470047,554.6985675887715,896.2857142857143
591000,1.3244851,0.00012285022,55.936333,425.0242741405964,425.0242736749815,753.125
592000,1.3244417,0.00012255022,57.882698,712.9524173736572,712.9524178707894,1009.0
593000,1.3244115,0.00012225022,54.935436,516.752849817775,516.7528453651584,869.2857142857143
594000,1.3248175,0.00012195022,56.986984,438.000628897122,438.0006326915297,747.0
595000,1.3248433,0.00012165022,59.76534,675.4406531136483,675.4406547155423,948.0
596000,1.3247063,0.00012135022,58.11237,619.2001967827479,619.2001916629184,876.8333333333334
597000,1.3246123,0.00012105022,60.033916,724.951761841774,724.9517652382298,990.5
598000,1.3244966,0.00012075022,55.24998,519.9237419366837,519.9237408850375,848.5714285714286
599000,1.3247561,0.000120450226,57.501537,501.0607751235366,501.06077163768055,859.75
600000,1.3248575,0.000120150224,53.96671,465.5033274226719,465.5033250529737,781.0
601000,1.3249627,0.00011985023,55.711357,526.8195074115481,526.8195088711634,891.1428571428571
602000,1.3249648,0.00011955023,53.968132,403.09866384097506,403.0986669351486,746.7142857142857
603000,1.3249692,0.000119250224,56.583466,481.16879005091533,481.1687936225374,831.4285714285714
604000,1.3248366,0.00011895022,56.597046,353.9179440021515,353.9179460584652,718.2
605000,1.3247483,0.00011865023,53.582947,496.336511876848,496.3365078752912,848.0
606000,1.3248521,0.000118350225,53.989548,551.1795298229554,551.1795292295413,880.75
607000,1.3249085,0.000118050215,57.102917,453.16839652061464,453.16839361608584,785.6
608000,1.3251259,0.00011775023,57.739285,537.1010487377644,537.1010519531046,881.125
609000,1.32513,0.000117450225,52.59176,482.2324411752925,482.2324416844719,819.25
610000,1.325135,0.00011715022,57.31151,457.6733353478568,457.6733345840029,795.2857142857143
611000,1.32498,0.00011685022,57.157776,437.09678796927136,437.09678720205557,811.6666666666666
612000,1.3249019,0.000116550225,55.4676,570.3744880769934,570.3744878821557,891.7142857142857
613000,1.3241255,0.00011625022,55.538948,446.61946143848553,446.61946154792156,763.2857142857143
614000,1.3240478,0.00011595022,55.170944,511.39446164795663,511.3944584109426,847.0
615000,1.3238887,0.00011565022,58.781097,643.2907391985258,643.2907387918482,936.8333333333334
616000,1.3238032,0.00011535023,55.135334,412.07266966998577,412.0726662981442,773.0
617000,1.3237456,0.00011505023,53.101974,383.1478246450424,383.14782568367497,739.2857142857143
618000,1.3234844,0.00011475022,56.879288,538.4679843557533,538.4679856977506,883.125
619000,1.3233591,0.00011445023,57.97819,462.6147429049015,462.61474271360083,817.1666666666666
620000,1.3229187,0.00011415023,55.88104,516.2483903467655,516.2483929186128,819.125
621000,1.3226861,0.00011385022,58.75053,571.8622758865356,571.8622804065235,917.4
622000,1.3224182,0.000113550224,55.73053,510.71902367803784,510.71902753022084,847.4444444444445
623000,1.3223168,0.00011325023,53.14557,344.764691897801,344.7646959880367,704.7142857142857
624000,1.3222708,0.00011295022,53.52257,378.7106812087198,378.71067966289473,751.1111111111111
625000,1.3220398,0.000112650225,55.2894,549.9985110248838,549.998511958128,891.1428571428571
626000,1.3220267,0.00011235022,55.904423,526.2722738583883,526.2722756571602,859.8333333333334
627000,1.3219993,0.00011205023,57.504814,436.7701348236629,436.77013582509244,770.4285714285714
628000,1.3218316,0.000111750225,52.724983,452.36854933285053,452.36855062531845,793.5555555555555
629000,1.3217309,0.00011145022,55.75207,469.3554470948875,469.35544832483146,851.1666666666666
630000,1.3211896,0.00011115023,56.03519,414.5522272544913,414.55222734739766,765.0
631000,1.321081,0.000110850226,51.756157,359.9257352749507,359.92573415814394,743.6666666666666
632000,1.3209226,0.00011055022,56.73991,499.959732907159,499.9597357164603,908.1428571428571
633000,1.3210673,0.00011025023,53.23943,444.462927752071,444.46293017790754,782.8888888888889
634000,1.3212273,0.000109950226,53.29616,415.11931357985094,415.1193127745163,757.4285714285714
635000,1.3215935,0.000109650224,54.85267,337.6581276125378,337.6581289510424,689.0
636000,1.3217412,0.000109350236,48.859097,358.0137345923318,358.01373738312435,721.0
637000,1.3222655,0.00010905023,52.146133,325.66515123844147,325.66514867694866,685.2222222222222
638000,1.3224103,0.000108750224,51.289944,316.383607848115,316.38360312109774,652.0
639000,1.3227004,0.00010845022,53.974026,477.01372541487217,477.0137253784851,819.375
640000,1.3226004,0.00010815023,51.3325,357.05820560510944,357.0582062668597,713.0
641000,1.3225415,0.000107850225,53.430737,384.003807336092,384.00380855020194,730.0
642000,1.3223258,0.00010755022,52.349136,367.9182139337063,367.918213298145,716.25
643000,1.3222468,0.00010725023,56.421726,508.7281895875931,508.72818936217976,872.0
644000,1.3219951,0.000106950225,49.90298,255.09258912669287,255.09259081516132,590.2222222222222
645000,1.3220042,0.00010665022,52.265587,357.1092330943793,357.1092342312652,698.6666666666666
646000,1.3220142,0.00010635023,51.209045,392.4669548179289,392.46695571984634,750.7142857142857
647000,1.3220105,0.00010605023,52.193962,316.7855932447645,316.7855924529666,683.2222222222222
648000,1.3219934,0.00010575023,47.71143,307.4029613105813,307.4029606822359,686.125
649000,1.3217695,0.00010545023,53.153484,459.40823659300804,459.4082327551815,854.125
650000,1.3216479,0.00010515023,53.90679,454.2595788426697,454.25957589468055,776.625
651000,1.3214207,0.00010485023,55.76674,399.2713275194168,399.271325876005,780.6
652000,1.3212917,0.00010455023,51.932293,496.579376488924,496.579377302834,866.125
653000,1.3212184,0.000104250226,53.422935,407.1474043162889,407.1474026018735,794.875
654000,1.3211199,0.000103950224,50.5675,416.12669275701046,416.1266929656126,786.375
655000,1.3210363,0.00010365023,52.295303,313.0178744111742,313.0178764696175,676.8571428571429
656000,1.320751,0.00010335022,54.31533,498.51372729028975,498.51372665627866,832.4285714285714
657000,1.3206577,0.00010305023,53.265465,414.55607831052373,414.5560778867154,775.5714285714286
658000,1.3205569,0.00010275023,55.440014,536.7719863653183,536.7719858811275,917.0
659000,1.320359,0.00010245023,50.928173,429.637069106102,429.63706538481637,805.3
660000,1.3202934,0.00010215023,54.32935,456.4838396821703,456.483839968103,830.7142857142857
661000,1.3201444,0.00010185023,54.637154,419.43203973645967,419.43204291077836,798.1666666666666
662000,1.3201388,0.00010155023,56.263275,545.0284787416458,545.028476872918,903.875
663000,1.3201277,0.000101250225,51.676216,376.9915158578328,376.991516104733,746.0
664000,1.3200867,0.00010095022,56.610237,532.0656740069389,532.0656744897666,854.5
665000,1.3200616,0.00010065023,55.221928,598.8836820994815,598.8836809593655,963.5
666000,1.3203386,0.00010035023,52.05234,417.10857632476836,417.1085788582213,776.75
667000,1.3203093,0.00010005023,53.704586,496.79245404071276,496.79244905608823,844.5555555555555
668000,1.3200893,9.9750236e-05,50.692307,374.68174926439923,374.68174919006077,752.1666666666666
669000,1.320103,9.945023e-05,49.226177,353.75469397836264,353.7546950342431,722.4444444444445
670000,1.320118,9.9150224e-05,54.26069,470.93655487469266,470.9365554318617,855.1428571428571
671000,1.3199087,9.885023e-05,52.41654,367.83272789205824,367.83273079848317,739.0
672000,1.3198228,9.8550234e-05,57.363506,695.1112476481358,695.1112458968447,1000.6666666666666
673000,1.3194388,9.8250224e-05,58.83004,562.6835363149643,562.6835357739125,888.4
674000,1.3193288,9.795024e-05,50.99291,516.2437128755781,516.2437075512701,886.2222222222222
675000,1.3191206,9.765023e-05,55.379665,503.7346487045288,503.7346494558345,884.8333333333334
676000,1.3190862,9.7350225e-05,56.87604,631.215145868063,631.2151499603563,938.6
677000,1.3190659,9.705023e-05,55.029156,504.8938298113644,504.89382693396783,819.25
678000,1.3193206,9.675023e-05,54.732437,599.64147316874,599.6414697828193,945.375
679000,1.3192861,9.6450225e-05,54.214195,483.49494404792785,483.49493828644916,834.0
680000,1.3190467,9.615023e-05,53.120415,443.02012852260043,443.0201274038991,797.1428571428571
681000,1.3188579,9.585023e-05,55.63763,466.04937895706723,466.0493756064606,835.4285714285714
682000,1.3186548,9.555023e-05,52.512096,457.57500855624676,457.57500754561624,787.125
683000,1.3185956,9.525023e-05,52.068005,458.90065006166697,458.9006493896013,820.875
684000,1.3185732,9.495023e-05,53.135643,413.6595844771208,413.65958527798864,800.2857142857143
685000,1.318497,9.465023e-05,51.556793,369.76421910772723,369.7642158489364,737.0
686000,1.3184377,9.435023e-05,55.67813,563.0541804498528,563.0541787305183,927.8
687000,1.3183233,9.405023e-05,54.795578,528.0903346879142,528.0903350258689,847.0
688000,1.3182243,9.375023e-05,51.162815,429.77161117394763,429.77161052150666,783.5555555555555
689000,1.3181688,9.345023e-05,53.587555,393.35670055671864,393.35669975332075,744.5714285714286
690000,1.3182412,9.315023e-05,57.22459,544.424155150141,544.4241529527852,951.4285714285714
691000,1.3182983,9.285023e-05,52.259186,402.34652235678266,402.34652004496195,741.1428571428571
692000,1.318496,9.255023e-05,54.04054,526.608816078864,526.6088173479618,878.0
693000,1.3183777,9.225023e-05,50.768764,358.0351810455322,358.0351767522516,738.1666666666666
694000,1.3182553,9.195022e-05,55.610825,519.6580490555082,519.658047501848,906.4285714285714
695000,1.3182156,9.165023e-05,57.226482,508.7309041619301,508.7309053666152,919.1666666666666
696000,1.3181846,9.135023e-05,49.788975,366.6675516385585,366.6675519543882,710.2222222222222
697000,1.3179104,9.1050235e-05,55.636814,527.7972190862056,527.7972181583899,876.5
698000,1.3178037,9.075023e-05,54.57833,462.25906409083734,462.25905891098625,800.2857142857143
699000,1.3175948,9.045023e-05,50.11516,301.3211153745651,301.3211152369234,666.6666666666666
700000,1.3175243,9.0150235e-05,53.160793,547.0511604598141,547.051162265426,914.0
701000,1.3174827,8.985023e-05,54.81245,423.9971969410156,423.99719985936684,802.5
702000,1.3176907,8.955022e-05,54.588257,555.4698195116861,555.4698143508285,913.0
703000,1.31774,8.925023e-05,55.31954,559.4551560878754,559.4551535413339,920.7142857142857
704000,1.3178718,8.895023e-05,53.796555,498.8049696513585,498.8049647400289,836.7142857142857
705000,1.3177844,8.8650224e-05,55.004612,417.90020457903546,417.9001988322513,790.8333333333334
706000,1.3176812,8.835023e-05,53.727715,403.60703819389033,403.6070378067233,748.0
707000,1.3175249,8.8050234e-05,55.165527,485.8213118522428,485.8213151952288,790.4
708000,1.3174856,8.7750224e-05,54.86983,554.8046894073486,554.8046900936636,953.6
709000,1.3177502,8.745023e-05,56.49459,745.0782525142034,745.0782517417878,1075.1666666666667
710000,1.3178056,8.7150234e-05,53.807724,447.9191254712641,447.9191232075377,839.75
711000,1.317915,8.6850225e-05,52.450855,474.8484570639474,474.84845577715896,851.0
712000,1.3178433,8.655023e-05,55.237335,667.417244374752,667.4172409637443,1028.5
713000,1.3178005,8.625023e-05,57.703358,469.6333777109782,469.63337897877983,835.0
714000,1.3174495,8.595023e-05,56.59054,613.8064279854298,613.8064249033729,985.6666666666666
715000,1.3173151,8.565024e-05,54.048054,537.9268747227533,537.9268767773658,864.1428571428571
716000,1.3169229,8.535023e-05,54.576153,554.9144262586321,554.9144246130849,923.4285714285714
717000,1.3169404,8.505024e-05,54.745007,548.7226217851442,548.7226219157996,918.1428571428571
718000,1.3169595,8.475024e-05,55.231823,585.8199356794357,585.8199364968654,911.6666666666666
719000,1.3168612,8.445023e-05,54.437756,611.5200451357024,611.5200419185484,930.7142857142857
720000,1.3168179,8.415024e-05,56.109344,508.9888014793396,508.9888012627683,877.1666666666666
721000,1.3165781,8.385024e-05,57.74732,671.1173170804977,671.1173119166799,956.4285714285714
722000,1.3163918,8.355023e-05,52.719807,363.45706599445214,363.4570671743516,705.7142857142857
723000,1.3160379,8.325023e-05,57.425247,624.1129112243652,624.1129129792243,943.2857142857143
724000,1.3157293,8.295023e-05,55.95418,549.4903944328428,549.4903906536774,858.2
725000,1.3155471,8.265023e-05,53.693584,483.2772074131192,483.277203938507,778.0
726000,1.3153397,8.2350234e-05,55.2849,582.1301760013614,582.13017196428,906.4285714285714
727000,1.3153344,8.205023e-05,58.71657,562.4954301357269,562.4954294926022,945.4
728000,1.315386,8.175023e-05,56.62769,717.4734699555805,717.4734703473852,1021.5714285714286
729000,1.315452,8.1450235e-05,55.665375,579.5198482990265,579.5198504121975,933.2
730000,1.3155231,8.115023e-05,56.16878,600.1831647583416,600.1831674164694,938.5714285714286
731000,1.3153172,8.085023e-05,55.566994,471.13441206887364,471.13441111384645,814.25
732000,1.3152364,8.0550235e-05,54.38525,515.3264816449955,515.3264792795327,902.0
733000,1.3150383,8.025023e-05,55.72351,643.0839540481568,643.0839566959069,1005.2
734000,1.3149147,7.995023e-05,55.617725,670.6180722543171,670.6180718284866,971.0
735000,1.3146669,7.9650235e-05,52.30053,444.8714309036732,444.8714343398751,756.875
736000,1.3145571,7.935023e-05,58.332058,620.5294536041716,620.52945478946,924.6666666666666
737000,1.31449,7.905023e-05,57.231476,633.2692296164377,633.2692335593581,931.5714285714286
738000,1.3140991,7.875023e-05,53.081795,423.0160598622428,423.0160609328927,747.5555555555555
739000,1.3139541,7.845023e-05,50.821465,339.7896691473434,339.7896698512174,672.625
740000,1.3134767,7.815024e-05,52.90126,251.40469993863786,251.40469880598332,583.1428571428571
741000,1.3133953,7.7850236e-05,56.05047,661.3460493087769,661.3460516565746,910.7142857142857
742000,1.3133003,7.7550234e-05,54.176792,438.79853162169456,438.79853158208425,773.875
743000,1.3131601,7.725023e-05,56.385906,658.0302924513817,658.0302932467179,954.6666666666666
744000,1.3131125,7.695024e-05,54.996895,579.7528517586844,579.7528494539604,886.5714285714286
745000,1.3130451,7.6650234e-05,53.598343,521.0944589786232,521.0944570477639,831.75
746000,1.3129817,7.635024e-05,57.19208,629.7428465366363,629.7428500292823,951.6
747000,1.3128394,7.605024e-05,51.601135,396.33259171909754,396.33259133071016,732.7777777777778
748000,1.3127605,7.575024e-05,54.365746,458.0401571194331,458.0401594271073,777.0
749000,1.3127083,7.545024e-05,55.75322,666.3448161057064,666.3448157728583,1003.4285714285714
750000,1.3124326,7.515024e-05,56.81377,512.1500029734203,512.1500017298052,851.0
751000,1.3123747,7.485023e-05,54.211052,469.61752807640005,469.61752669506643,813.375
752000,1.3122517,7.455023e-05,53.33092,392.84039226174355,392.8403901992715,727.75
753000,1.3122551,7.425024e-05,57.64391,602.7573333978653,602.7573309099729,856.6666666666666
754000,1.3122591,7.395023e-05,53.57018,427.2506235688925,427.25062528814306,745.0
755000,1.3119535,7.365023e-05,54.265476,496.275261297822,496.27526204069727,793.75
756000,1.3118359,7.335024e-05,55.00119,530.7129019647837,530.7129046305636,823.75
757000,1.3115714,7.3050236e-05,53.893684,457.96435477411643,457.9643588096371,814.4285714285714
758000,1.31149,7.2750234e-05,54.508957,504.7889106273651,504.78890425001737,789.5
759000,1.3113091,7.245024e-05,47.127575,303.2470865764401,303.2470876960267,657.6363636363636
760000,1.3112895,7.215023e-05,50.52543,340.8687640560998,340.86876323097385,667.6666666666666
761000,1.3112754,7.1850234e-05,54.34378,397.1178711260935,397.11787346204784,764.7142857142857
762000,1.311015,7.155023e-05,55.339336,458.3435273170471,458.34352819625445,777.1666666666666
763000,1.3109592,7.125023e-05,56.809498,603.1215645472208,603.1215682596279,926.8333333333334
764000,1.3108542,7.095024e-05,53.60239,461.9919694491795,461.9919676506293,798.1428571428571
765000,1.3107501,7.065023e-05,54.972706,603.5075719835877,603.5075720741083,925.625
766000,1.3106182,7.0350245e-05,54.53554,486.5386861222131,486.53868948122755,852.7142857142857
767000,1.3106052,7.005024e-05,52.96313,465.84808018803596,465.84807548916433,812.75
768000,1.3105989,6.975023e-05,56.910427,507.2960254251957,507.29602417024097,812.8333333333334
769000,1.3105515,6.945024e-05,52.36747,348.37078922986984,348.37078937661136,685.0
770000,1.3105264,6.915024e-05,53.189182,460.2193753586875,460.2193724989063,806.0
771000,1.3104675,6.885023e-05,53.785706,533.2169773578644,533.2169765844708,898.0
772000,1.310503,6.855024e-05,51.508835,436.43324700405356,436.4332438196368,778.125
773000,1.310526,6.8250236e-05,55.69887,570.2201415526548,570.2201410502577,861.5714285714286
774000,1.3106081,6.7950234e-05,55.911816,549.4077403885977,549.4077366588172,884.1428571428571
775000,1.3105825,6.765024e-05,56.010605,636.380027204752,636.3800285560623,936.6666666666666
776000,1.3104131,6.7350236e-05,53.749294,511.2249389886856,511.2249385974927,852.1428571428571
777000,1.3103684,6.7050234e-05,54.265827,504.6579452753067,504.6579470285603,839.5
778000,1.3103144,6.675024e-05,55.182655,619.4909872157233,619.4909828760962,940.4285714285714
779000,1.310177,6.645024e-05,55.142143,559.1309004412698,559.1308982509005,874.8571428571429
780000,1.3101243,6.615024e-05,55.8672,633.6102644715991,633.6102607387917,890.5714285714286
781000,1.3098962,6.585024e-05,57.300888,514.6341443856558,514.634137970861,832.5
782000,1.3098451,6.555024e-05,55.38289,654.7088627815247,654.7088651860332,918.4285714285714
783000,1.3097324,6.5250235e-05,52.661903,412.43721202015877,412.4372132738936,753.625
784000,1.3097078,6.495023e-05,53.29732,509.40641003474593,509.4064110479852,804.25
785000,1.3096925,6.465024e-05,53.46217,419.1339433193207,419.133943904923,764.2857142857143
786000,1.3095217,6.4350235e-05,57.76718,533.414961454769,533.4149617421255,854.1666666666666
787000,1.3095287,6.405024e-05,55.670254,595.943932907922,595.9439288606767,893.7142857142857
788000,1.3096778,6.375024e-05,55.910915,605.3616752227148,605.3616752434367,924.6666666666666
789000,1.3097124,6.3450236e-05,53.76325,461.06921458244324,461.0692145872308,797.625
790000,1.3097513,6.315024e-05,56.348377,641.8419433236122,641.8419447182823,922.875
791000,1.3097045,6.285024e-05,53.48523,430.815329177039,430.81533314430686,799.8571428571429
792000,1.3096853,6.2550236e-05,53.83435,405.29912221005986,405.2991168422083,735.5714285714286
793000,1.3094923,6.225024e-05,54.05501,411.2392694572253,411.2392695312944,754.1428571428571
794000,1.3095064,6.195024e-05,52.8992,527.4983566626906,527.4983563308197,877.75
795000,1.3095405,6.165024e-05,56.505474,617.8466593821844,617.8466638668906,903.3333333333334
796000,1.3094046,6.135024e-05,55.364044,532.097050110499,532.0970527090831,817.5
797000,1.309314,6.105024e-05,54.66426,547.4786022967892,547.4785976161743,851.375
798000,1.3091908,6.075023e-05,54.229187,568.696080310004,568.696082162305,867.5714285714286
799000,1.3091605,6.0450235e-05,56.886967,557.3930577732889,557.3930570157003,882.5714285714286
800000,1.3090818,6.0150236e-05,53.454025,437.2134634529066,437.21346158622987,753.375
801000,1.3090818,5.985023e-05,56.47592,564.2154379923429,564.215439356208,838.0
802000,1.3090819,5.955023e-05,57.00441,696.3698012630144,696.3698042679656,929.1666666666666
803000,1.3090595,5.9250237e-05,57.195183,511.49825620651245,511.4982534222848,814.8333333333334
804000,1.3090477,5.8950234e-05,54.61514,551.1791195273399,551.1791186897608,846.5
805000,1.3088647,5.8650236e-05,59.227707,662.334680557251,662.3346811756492,953.5
806000,1.3089075,5.8350237e-05,54.868843,444.9562301635742,444.95622889684245,748.1428571428571
807000,1.3089963,5.805024e-05,56.434444,491.80408400297165,491.8040824790296,857.0
808000,1.3090539,5.7750232e-05,54.366467,522.7634171098471,522.7634161617752,838.875
809000,1.3090916,5.7450234e-05,57.69471,570.6054242338453,570.6054276709245,863.8571428571429
810000,1.3089099,5.715024e-05,51.26059,458.25058418512344,458.25058626595705,743.125
811000,1.3088906,5.685024e-05,56.99364,637.0141318241755,637.0141314349603,928.3333333333334
812000,1.3089181,5.6550234e-05,54.851055,550.1457555634635,550.1457540320365,849.8571428571429
813000,1.3088505,5.6250232e-05,57.377247,708.0536915858587,708.0536968254406,946.8333333333334
814000,1.3087701,5.5950237e-05,54.173843,401.9644791162573,401.96448191306376,745.5
815000,1.3087182,5.5650235e-05,55.65915,486.5947713454564,486.5947728632891,813.5555555555555
816000,1.308693,5.5350236e-05,54.27987,443.66533515850705,443.6653338089042,772.6666666666666
817000,1.308533,5.5050237e-05,54.17241,528.0900275026049,528.0900309192283,847.0
818000,1.3085278,5.4750235e-05,54.181892,463.3325976282358,463.3325984764524,802.5
819000,1.3085167,5.4450236e-05,56.143005,504.78144546817447,504.78144639301325,801.5
820000,1.30841,5.4150238e-05,53.792854,529.9001961290836,529.9001910701479,838.6
821000,1.308338,5.385024e-05,58.421844,655.7566671693697,655.7566648437426,925.0
822000,1.3081369,5.3550237e-05,54.451748,529.1896681444986,529.1896705815785,847.1428571428571
823000,1.3081099,5.3250234e-05,55.45247,599.2282476425171,599.2282499664288,878.375
824000,1.3080947,5.2950236e-05,54.670334,484.03401673088473,484.0340159959475,831.8333333333334
825000,1.3079864,5.2650237e-05,56.369904,512.8658126741648,512.8658122699999,808.75
826000,1.3078519,5.235024e-05,57.792282,491.40224826335907,491.4022488534184,815.4285714285714
827000,1.3078411,5.2050236e-05,56.44414,624.3408897320429,624.3408898802105,886.1666666666666
828000,1.3078331,5.1750234e-05,56.769627,571.657791529383,571.6577886829285,883.8571428571429
829000,1.3076501,5.145024e-05,55.32853,543.5567149945667,543.5567123961102,858.7142857142857
830000,1.3076242,5.1150237e-05,56.592205,630.3637773990631,630.3637757262914,963.5
831000,1.3075695,5.0850234e-05,56.072796,569.4795348644257,569.4795381142758,876.8333333333334
832000,1.3075566,5.0550236e-05,54.168713,456.48490067213424,456.48489833310043,812.75
833000,1.3075483,5.025024e-05,55.260998,528.7885589003563,528.7885540221469,802.5
834000,1.3075686,4.9950235e-05,55.536816,423.9508987516165,423.95089619152714,752.25
835000,1.3075466,4.9650236e-05,52.064342,467.8431551903486,467.84315440632054,744.0
836000,1.3074319,4.9350238e-05,55.58253,481.5695209699749,481.5695223646036,795.1428571428571
837000,1.3074539,4.905024e-05,57.974644,626.085465391477,626.0854590074159,958.1666666666666
838000,1.30748,4.875024e-05,54.992935,551.2702760818813,551.2702774041024,810.4285714285714
839000,1.3074275,4.8450234e-05,54.007824,541.7641015052795,541.76410016963,861.5714285714286
840000,1.3074121,4.8150236e-05,54.15221,491.63361299037933,491.6336098405688,803.1666666666666
841000,1.307554,4.7850237e-05,57.38506,702.2853297325117,702.2853294165103,1011.2857142857143
842000,1.3075644,4.755024e-05,54.567825,504.14767146110535,504.1476641083136,838.0
843000,1.3075868,4.7250236e-05,56.227493,590.9430201905114,590.9430206440489,874.0
844000,1.3075343,4.6950237e-05,56.226387,522.2037385553122,522.2037352604821,835.75
845000,1.3074998,4.665024e-05,55.269432,403.52030940055846,403.52031273670144,772.2
846000,1.3073767,4.6350237e-05,56.317772,590.3683373481035,590.3683400952432,870.0
847000,1.3073395,4.6050234e-05,57.223064,644.4101589123408,644.4101563392227,931.8333333333334
848000,1.307235,4.575024e-05,53.447063,498.2902040614022,498.2902049827648,817.6666666666666
849000,1.3071853,4.545024e-05,58.148857,608.1908874015013,608.1908908384848,915.0
850000,1.3071296,4.5150235e-05,56.777966,564.3263287941614,564.3263233663747,839.1666666666666
851000,1.3069737,4.4850236e-05,56.014187,589.1905345829824,589.1905273783328,854.3333333333334
852000,1.3069155,4.455024e-05,57.447327,581.7251248082945,581.7251260509653,846.4285714285714
853000,1.3068198,4.425024e-05,58.138153,612.9951176246008,612.9951120434174,868.8333333333334
854000,1.30679,4.395024e-05,56.53362,591.6094478501213,591.6094462541223,862.8888888888889
855000,1.3067259,4.365024e-05,57.39896,508.42667300360546,508.42667212111076,822.1428571428571
856000,1.3066572,4.3350236e-05,55.115513,516.354801595211,516.3547947838961,861.0
857000,1.3066108,4.3050237e-05,55.52837,539.712991476059,539.7129924257752,898.25
858000,1.306554,4.275024e-05,57.73368,480.98806297779083,480.98806404632825,775.5
859000,1.306544,4.2450243e-05,57.444847,658.4886198725019,658.4886140626456,899.4285714285714
860000,1.306528,4.215024e-05,56.601543,675.6798784732819,675.6798747351471,927.0
861000,1.3064718,4.1850235e-05,58.370537,579.6173580437899,579.6173627671378,842.0
862000,1.3064061,4.1550236e-05,57.83577,533.6445029258728,533.6445039737039,816.8
863000,1.3064163,4.125024e-05,58.3157,568.2762625118097,568.2762607815457,865.6666666666666
864000,1.3064146,4.095024e-05,58.40409,681.8660628795624,681.8660677343627,947.1666666666666
865000,1.3062928,4.0650237e-05,57.58388,674.7084965194974,674.7084988860546,959.5714285714286
866000,1.30627,4.035024e-05,53.348656,539.6202944081888,539.6202973903432,842.625
867000,1.3062228,4.005024e-05,58.722446,674.1528010486314,674.1527985125473,994.8333333333334
868000,1.3061442,3.975024e-05,60.569336,829.0852563381195,829.085257002509,1054.8333333333333
869000,1.306095,3.9450242e-05,57.377758,661.5271492302418,661.5271438938062,949.0
870000,1.306224,3.9150236e-05,57.686848,585.396254030134,585.3962489430328,907.6666666666666
871000,1.3062532,3.885024e-05,58.93563,813.3629539608955,813.3629561445591,1006.5
872000,1.3063178,3.855024e-05,60.09132,643.44036535422,643.4403664283454,962.8333333333334
873000,1.3062596,3.8250237e-05,52.621918,380.3827251063453,380.38272422358085,719.8888888888889
874000,1.306196,3.795024e-05,58.225853,715.57810429732,715.5781100815608,958.6666666666666
875000,1.3061892,3.7650243e-05,59.062042,656.2649194002151,656.264919788499,934.3333333333334
876000,1.3061831,3.7350237e-05,59.320515,746.3871664047241,746.3871679422446,990.6
877000,1.3060876,3.705024e-05,57.007442,769.0205599069595,769.0205509301278,1008.1428571428571
878000,1.3060513,3.675024e-05,58.47504,637.6727104783058,637.6727102698836,1003.6666666666666
879000,1.3059704,3.645024e-05,58.643658,473.5794952909152,473.5794930417712,778.1666666666666
880000,1.3060219,3.615024e-05,56.378498,620.5801097665515,620.5801093445791,884.0
881000,1.3060566,3.5850237e-05,56.07472,621.4807334116527,621.480734912504,923.0
882000,1.3061959,3.555024e-05,58.290924,379.14496666388584,379.1449649827264,735.4
883000,1.3061936,3.525024e-05,59.249752,716.7160740750177,716.7160751040792,976.5714285714286
884000,1.3060971,3.495024e-05,56.7193,523.4699975649515,523.4699992066016,876.1666666666666
885000,1.3060825,3.465024e-05,57.549526,716.8661631047726,716.8661664575047,974.625
886000,1.306064,3.4350243e-05,60.686104,816.062847630276,816.0628450880458,1010.1666666666666
887000,1.306073,3.405024e-05,57.742172,635.9576951066653,635.9576975646584,904.5
888000,1.3060774,3.375024e-05,59.209457,627.4279484724005,627.4279519547703,932.5
889000,1.3061582,3.345024e-05,60.606483,769.1076167140689,769.1076160157099,1022.2857142857143
890000,1.3061565,3.315024e-05,56.81227,638.4260063568751,638.4260035885576,908.0
891000,1.3061523,3.2850243e-05,57.792595,596.0137746594846,596.0137717755318,897.8333333333334
892000,1.3061404,3.2550244e-05,59.23855,771.9387908697129,771.9387914975174,1027.4
893000,1.3061321,3.2250242e-05,58.325684,684.7017725535801,684.7017761831438,984.7142857142857
894000,1.3060622,3.195024e-05,58.059666,585.6551069228777,585.6551091655929,847.2857142857143
895000,1.3060504,3.165024e-05,57.638184,649.2919177214304,649.2919106925347,935.8333333333334
896000,1.3060477,3.135024e-05,59.08315,760.7525295643136,760.7525302779137,1084.6666666666667
897000,1.3060722,3.105024e-05,57.619347,585.2059276444571,585.2059266918471,912.7142857142857
898000,1.3061038,3.075024e-05,60.10068,627.9236979961395,627.9236991465092,893.0
899000,1.3060699,3.0450243e-05,56.336864,554.1414328472955,554.1414324358173,858.7142857142857
900000,1.306061,3.0150242e-05,58.31639,648.045402765274,648.0454076580548,979.6666666666666
901000,1.3061998,2.9850242e-05,58.800102,810.7259081772396,810.725910026314,1020.7142857142857
902000,1.306222,2.9550243e-05,57.791607,589.1487589150668,589.1487612457859,896.0
903000,1.306269,2.9250241e-05,60.105938,621.1703410659518,621.1703383738671,885.7142857142857
904000,1.3061736,2.8950244e-05,59.274445,778.4887781858445,778.4887860513758,1077.4
905000,1.3061073,2.8650245e-05,56.44614,606.8644657837493,606.8644680985643,912.2857142857143
906000,1.3061048,2.8350243e-05,56.14224,512.3261072561145,512.3261043912207,812.625
907000,1.3060867,2.8050245e-05,61.082718,850.6507783730825,850.650783175719,1032.8333333333333
908000,1.3059942,2.7750242e-05,59.207287,600.1638634602228,600.163860807855,855.1666666666666
909000,1.3059324,2.7450245e-05,57.05965,546.4525520460946,546.4525557221579,813.5714285714286
910000,1.3058547,2.7150243e-05,58.980007,659.3988909324011,659.3988906644518,919.1666666666666
911000,1.3057655,2.6850244e-05,56.086475,560.3470011949539,560.3470021289374,857.2857142857143
912000,1.3057326,2.6550244e-05,58.75565,681.7448379312243,681.7448372212738,978.0
913000,1.3057473,2.6250245e-05,57.344463,489.6101512670517,489.61015526461415,821.6
914000,1.3057419,2.5950245e-05,60.22662,827.6767201423645,827.6767123659374,1058.5
915000,1.3057307,2.5650244e-05,56.74468,565.9185432344675,565.9185442059534,889.375
916000,1.3056687,2.5350242e-05,60.346725,730.9056984782219,730.905697126252,1050.1666666666667
917000,1.3056267,2.5050245e-05,56.81287,544.3444599168641,544.3444551710272,855.5714285714286
918000,1.3056012,2.4750243e-05,60.46739,675.253851389885,675.253855812503,958.0
919000,1.3055882,2.4450246e-05,59.41778,664.56187748909,664.5618746954824,891.875
920000,1.3055418,2.4150246e-05,61.26845,679.3263800621032,679.3263789087068,906.2
921000,1.3055079,2.3850245e-05,57.907337,570.6720106701056,570.672012047251,834.1666666666666
922000,1.3054676,2.3550247e-05,59.37873,718.3433711571353,718.343366390169,1005.1428571428571
923000,1.3054607,2.3250244e-05,58.693096,681.0723135471344,681.072309474422,917.8333333333334
924000,1.3054585,2.2950248e-05,56.991596,671.1267320315043,671.1267346709113,941.1666666666666
925000,1.305465,2.2650243e-05,60.009853,715.8108288219997,715.8108310341569,965.0
926000,1.3054427,2.2350247e-05,60.236946,721.0440477530161,721.0440482337339,987.6666666666666
927000,1.3053936,2.2050246e-05,59.649567,731.2160083850225,731.216008642572,1021.3333333333334
928000,1.3054216,2.1750246e-05,58.6333,530.0847315490246,530.0847282633767,788.625
929000,1.3054402,2.1450245e-05,60.687073,750.2927945971489,750.292796032573,1020.4
930000,1.305385,2.1150247e-05,56.80879,571.0958791513528,571.0958783199337,811.5714285714286
931000,1.3053646,2.0850244e-05,58.574623,599.0837667121863,599.083765045603,946.1666666666666
932000,1.3053015,2.0550247e-05,60.355236,766.4015956265586,766.4015921596771,988.8571428571429
933000,1.3052974,2.0250245e-05,56.98508,524.1325654188792,524.1325632953861,772.8333333333334
934000,1.3052922,1.9950245e-05,56.241898,627.0658675091607,627.0658693710326,873.7142857142857
935000,1.3052922,1.9650248e-05,59.863297,700.9550405953612,700.9550435312119,962.0
936000,1.3052932,1.9350246e-05,60.09997,686.9880340439933,686.9880366883507,939.4285714285714
937000,1.3053244,1.9050247e-05,57.95564,481.88195234537125,481.88195264958387,759.1666666666666
938000,1.3053228,1.8750245e-05,58.74183,771.0643418934196,771.064344994206,1022.5
939000,1.3053191,1.8450246e-05,60.157917,702.1775250236193,702.1775269178519,948.1666666666666
940000,1.3052635,1.8150247e-05,57.583527,551.0384915173054,551.0384917778306,819.25
941000,1.3052272,1.7850247e-05,57.54035,576.0713412080493,576.0713368598954,859.1428571428571
942000,1.3051895,1.7550246e-05,58.959652,551.1825980352504,551.1825993925038,825.8571428571429
943000,1.3051867,1.7250248e-05,55.73562,504.20923541486263,504.20923528745715,796.625
944000,1.3051941,1.6950245e-05,55.522217,616.9536126554012,616.9536149991327,933.3333333333334
945000,1.3051502,1.6650247e-05,58.372074,613.0815757002149,613.0815755699629,884.7142857142857
946000,1.3050988,1.6350245e-05,60.318615,689.6585447986921,689.6585496315578,941.5
947000,1.3050469,1.6050248e-05,59.42134,622.2342101505825,622.2342096556511,843.4285714285714
948000,1.3050267,1.5750247e-05,60.21658,719.5060115882328,719.5060113699708,956.8571428571429
949000,1.3049432,1.5450247e-05,54.959072,519.7067472423826,519.7067416864572,823.4285714285714
950000,1.3049488,1.5150247e-05,58.390266,511.23856173455715,511.23855834244745,819.0
951000,1.304962,1.4850247e-05,58.84088,680.6690049086299,680.6690049754189,933.8571428571429
952000,1.3049319,1.4550248e-05,58.37611,536.9110844135284,536.9110818218129,874.6666666666666
953000,1.3049128,1.4250247e-05,58.11614,624.8268469912665,624.8268474777464,863.1428571428571
954000,1.3049108,1.3950247e-05,58.44308,509.4532346924146,509.45323890179014,835.0
955000,1.3049064,1.3650248e-05,56.94995,602.5396469444303,602.5396501760359,903.2857142857143
956000,1.3048866,1.3350247e-05,54.426056,469.2448008656502,469.2448026177299,802.375
957000,1.3048952,1.3050247e-05,61.429455,669.791670024395,669.7916706357695,954.6666666666666
958000,1.3049053,1.2750247e-05,58.905,504.63518154621124,504.6351777182038,813.3333333333334
959000,1.3048873,1.2450247e-05,57.990723,596.3359126150608,596.3359173037898,867.625
960000,1.3048804,1.2150249e-05,59.139275,509.3705825975963,509.3705825267825,800.4285714285714
961000,1.3048532,1.18502485e-05,58.260986,691.8900794188181,691.8900833702282,917.8333333333334
962000,1.3048311,1.1550248e-05,59.937874,677.5627464141164,677.5627478127966,982.1428571428571
963000,1.3047866,1.12502485e-05,58.897667,570.4212940533956,570.421290814605,888.5
964000,1.304766,1.0950249e-05,63.65358,726.5165687799454,726.5165601768919,907.8333333333334
965000,1.3047527,1.0650248e-05,58.200207,597.063504755497,597.0635054880986,899.375
966000,1.3047276,1.0350249e-05,59.64515,748.2411612510681,748.2411666405154,965.4
967000,1.304723,1.0050248e-05,61.13713,850.9064067391058,850.9064094383899,1075.1666666666667
968000,1.3047181,9.750249e-06,62.20468,855.0408869028091,855.0408878553193,1062.0
969000,1.304709,9.450248e-06,58.898907,686.9451775153478,686.9451784663446,965.3333333333334
970000,1.3046969,9.150248e-06,60.40733,775.2727285027504,775.2727317267176,1035.5
971000,1.3046823,8.850248e-06,60.865513,756.9269146323204,756.9269184782606,1000.3333333333334
972000,1.3046767,8.550249e-06,60.140472,789.9815727869669,789.9815754950201,971.5
973000,1.3046677,8.250248e-06,58.064945,459.93243834376335,459.93244047716144,800.125
974000,1.3046682,7.950249e-06,60.82378,627.4020022022208,627.4020010595879,931.5
975000,1.3046695,7.650249e-06,62.411705,691.3660175800323,691.3660112101934,956.25
976000,1.304677,7.3502492e-06,58.459316,692.7167559564114,692.7167547741683,948.25
977000,1.3046821,7.050249e-06,60.797314,788.8600497841835,788.8600489514647,991.0
978000,1.304683,6.750249e-06,60.624477,683.7634589294238,683.7634620387292,986.2857142857143
979000,1.3046842,6.4502487e-06,58.580982,603.1541720867157,603.1541757422732,866.4
980000,1.3046907,6.150249e-06,58.506004,735.0079209251063,735.0079215374639,1005.5714285714286
981000,1.3046894,5.850249e-06,60.23229,658.3186261057854,658.3186225083191,967.1666666666666
982000,1.3046882,5.5502496e-06,62.535305,657.9858506123225,657.9858552300138,889.8333333333334
983000,1.3046843,5.250249e-06,56.3356,593.9761434282575,593.9761471639587,886.4285714285714
984000,1.3046829,4.9502496e-06,60.95687,518.749370609011,518.7493647656904,820.4285714285714
985000,1.3046836,4.6502496e-06,59.79514,630.6837104757627,630.683712167122,903.1666666666666
986000,1.304681,4.3502496e-06,60.861584,737.6427303893225,737.6427316830407,993.0
987000,1.3046744,4.05025e-06,63.449406,850.8635187625885,850.8635100835702,1095.8
988000,1.3046696,3.7502498e-06,62.459015,820.7891888817152,820.7891938700341,1051.3333333333333
989000,1.3046664,3.4502498e-06,57.93294,675.7132661683219,675.7132723212043,956.2857142857143
990000,1.3046656,3.1502502e-06,58.41551,466.415519477427,466.41552278570543,855.6
991000,1.3046659,2.8502502e-06,60.583317,710.4243942896525,710.4243928301148,922.5
992000,1.3046684,2.5502502e-06,60.97995,712.3348480633327,712.3348530090547,971.5714285714286
993000,1.3046626,2.2502504e-06,57.2548,573.4009365290403,573.4009367022954,869.25
994000,1.3046558,1.9502504e-06,55.747948,493.4271572317396,493.4271600755996,821.4285714285714
995000,1.3046526,1.6502504e-06,60.619987,646.2207368115584,646.2207365578142,887.8333333333334
996000,1.3046514,1.3502506e-06,57.90683,603.2514834366739,603.2514856647462,886.125
997000,1.3046526,1.0502506e-06,63.277218,773.0138179302215,773.0138152935542,1025.2
998000,1.304651,7.5025054e-07,60.224716,730.5915160274932,730.5915227276954,1006.0
999000,1.3046476,4.502506e-07,60.43231,568.9341097474098,568.9341069785878,884.75
1000000,1.3046474,1.5025073e-07,61.79287,758.1760620872179,758.1760633013133,1051.8333333333333
